"","PCs","Accuracy","Sensitivity","Specificity","MRD_best_cut","P_value","adj_P_value_BH","adj_P_value_bonferroni"
"1","2, 3, 4, 5, 10",22,11,11,0.000684988947777198,2.8351421540276e-06,0.00136281525926795,0.00290035042357024
"2","4, 5, 10",22,11,11,0,2.8351421540276e-06,0.00136281525926795,0.00290035042357024
"3","2, 3, 5, 10",21,11,10,0.00120006122093771,3.40217058483312e-05,0.00136281525926795,0.0348042050828428
"4","2, 4, 5, 10",21,11,10,0.000339384129655625,3.40217058483312e-05,0.00136281525926795,0.0348042050828428
"5","1, 2, 4, 5, 10",21,10,11,0.00236981764796047,3.40217058483312e-05,0.00136281525926795,0.0348042050828428
"6","1, 2, 3, 4, 5, 10",21,10,11,0.00196179889686696,3.40217058483312e-05,0.00136281525926795,0.0348042050828428
"7","3, 4, 5, 10",21,10,11,0.00189490956611546,3.40217058483312e-05,0.00136281525926795,0.0348042050828428
"8","1, 4, 5, 10",21,10,11,0.0017714148312457,3.40217058483312e-05,0.00136281525926795,0.0348042050828428
"9","2, 3, 4, 10",21,10,11,0.00164541603930391,3.40217058483312e-05,0.00136281525926795,0.0348042050828428
"10","1, 3, 4, 10",21,10,11,0.00140275645082507,3.40217058483312e-05,0.00136281525926795,0.0348042050828428
"11","1, 3, 4, 5, 10",21,10,11,0.00133162497937576,3.40217058483312e-05,0.00136281525926795,0.0348042050828428
"12","1, 2, 3, 4, 10",21,10,11,0.00128268817993857,3.40217058483312e-05,0.00136281525926795,0.0348042050828428
"13","3, 4, 10",21,10,11,0.00117746929105387,3.40217058483312e-05,0.00136281525926795,0.0348042050828428
"14","2, 4, 10",21,10,11,0.00029493405665589,3.40217058483312e-05,0.00136281525926795,0.0348042050828428
"15","4, 10",21,10,11,0.000145608944887618,3.40217058483312e-05,0.00136281525926795,0.0348042050828428
"16","1, 4, 10",21,10,11,9.75188524684339e-05,3.40217058483312e-05,0.00136281525926795,0.0348042050828428
"17","1, 3, 4, 5, 9, 10",20,11,9,0.014888175722435,0.000221141088014154,0.00136281525926795,0.226227333038479
"18","1, 2, 3, 4, 5, 9, 10",20,11,9,0.014035252928699,0.000221141088014154,0.00136281525926795,0.226227333038479
"19","2, 3, 4, 5, 9, 10",20,11,9,0.0134835224725858,0.000221141088014154,0.00136281525926795,0.226227333038479
"20","1, 3, 5, 9, 10",20,11,9,0.0128791100792994,0.000221141088014154,0.00136281525926795,0.226227333038479
"21","1, 2, 4, 5, 9, 10",20,11,9,0.0124862885282588,0.000221141088014154,0.00136281525926795,0.226227333038479
"22","1, 2, 3, 5, 9, 10",20,11,9,0.0122388603630144,0.000221141088014154,0.00136281525926795,0.226227333038479
"23","2, 3, 5, 9, 10",20,11,9,0.00943136774551168,0.000221141088014154,0.00136281525926795,0.226227333038479
"24","1, 4, 5, 9, 10",20,11,9,0.00897330335682622,0.000221141088014154,0.00136281525926795,0.226227333038479
"25","2, 4, 5, 9, 10",20,11,9,0.00717719948669213,0.000221141088014154,0.00136281525926795,0.226227333038479
"26","3, 4, 5, 9, 10",20,11,9,0.00672604468971337,0.000221141088014154,0.00136281525926795,0.226227333038479
"27","1, 3, 4, 5, 6, 9, 10",20,11,9,0.0026059234653858,0.000221141088014154,0.00136281525926795,0.226227333038479
"28","1, 2, 3, 4, 5, 6, 9, 10",20,11,9,0.00249291567525056,0.000221141088014154,0.00136281525926795,0.226227333038479
"29","2, 5, 10",20,11,9,0.00215539846006382,0.000221141088014154,0.00136281525926795,0.226227333038479
"30","2, 3, 4, 5, 6, 9, 10",20,11,9,0.00180469406195863,0.000221141088014154,0.00136281525926795,0.226227333038479
"31","1, 2, 4, 5, 9",20,11,9,0.00167796138841581,0.000221141088014154,0.00136281525926795,0.226227333038479
"32","1, 2, 3, 4, 5, 9",20,11,9,0.00163507973746642,0.000221141088014154,0.00136281525926795,0.226227333038479
"33","1, 3, 5, 10",20,11,9,0.00162451558323958,0.000221141088014154,0.00136281525926795,0.226227333038479
"34","3, 5, 10",20,11,9,0.00135318478165767,0.000221141088014154,0.00136281525926795,0.226227333038479
"35","1, 4, 5, 9",20,11,9,0.00131797325269813,0.000221141088014154,0.00136281525926795,0.226227333038479
"36","2, 4, 5, 9",20,11,9,0.00130949684926775,0.000221141088014154,0.00136281525926795,0.226227333038479
"37","1, 3, 4, 5, 9",20,11,9,0.00127556037604707,0.000221141088014154,0.00136281525926795,0.226227333038479
"38","2, 3, 4, 5, 9",20,11,9,0.00126711403273154,0.000221141088014154,0.00136281525926795,0.226227333038479
"39","1, 2, 3, 5, 6, 9, 10",20,11,9,0.000918516394726961,0.000221141088014154,0.00136281525926795,0.226227333038479
"40","3, 4, 5, 9",20,11,9,0.000897122917845463,0.000221141088014154,0.00136281525926795,0.226227333038479
"41","1, 3, 5, 6, 9, 10",20,11,9,0.000770000305125272,0.000221141088014154,0.00136281525926795,0.226227333038479
"42","1, 5, 10",20,11,9,0.000652462095192693,0.000221141088014154,0.00136281525926795,0.226227333038479
"43","1, 2, 5, 9, 10",20,11,9,0.00064617235951097,0.000221141088014154,0.00136281525926795,0.226227333038479
"44","1, 2, 5, 10",20,11,9,0.000409565473162368,0.000221141088014154,0.00136281525926795,0.226227333038479
"45","1, 2, 3, 10",20,10,10,0.00246346018640739,0.000345887342791368,0.0018922072282116,0.353842751675569
"46","3, 4, 5, 7, 8, 10",20,10,10,0.00185953506090034,0.000345887342791368,0.0018922072282116,0.353842751675569
"47","2, 3, 4, 5, 7, 8, 10",20,10,10,0.00163307735425013,0.000345887342791368,0.0018922072282116,0.353842751675569
"48","1, 3, 10",20,10,10,0.00161427970344922,0.000345887342791368,0.0018922072282116,0.353842751675569
"49","1, 2, 4, 10",20,10,10,0.0015412258409725,0.000345887342791368,0.0018922072282116,0.353842751675569
"50","1, 2, 3, 5, 10",20,10,10,0.00141802393480003,0.000345887342791368,0.0018922072282116,0.353842751675569
"51","1, 2, 10",20,10,10,0.0010659778455568,0.000345887342791368,0.0018922072282116,0.353842751675569
"52","1, 3, 4, 5, 7, 8, 10",20,10,10,0.000876054279903518,0.000345887342791368,0.0018922072282116,0.353842751675569
"53","3, 4, 5, 8, 10",20,10,10,0.000838077058216612,0.000345887342791368,0.0018922072282116,0.353842751675569
"54","2, 3, 4, 9, 10",20,10,10,0.000751855937649034,0.000345887342791368,0.0018922072282116,0.353842751675569
"55","4, 9, 10",20,10,10,0.000692055820500592,0.000345887342791368,0.0018922072282116,0.353842751675569
"56","1, 3, 4, 5, 8, 10",20,10,10,0.000652270786171697,0.000345887342791368,0.0018922072282116,0.353842751675569
"57","1, 2, 3, 4, 5, 7, 8, 10",20,10,10,0.000620071249856576,0.000345887342791368,0.0018922072282116,0.353842751675569
"58","4, 5, 9, 10",20,10,10,0.000571103992785382,0.000345887342791368,0.0018922072282116,0.353842751675569
"59","2, 4, 9, 10",20,10,10,0.000519387122194768,0.000345887342791368,0.0018922072282116,0.353842751675569
"60","2, 4, 5, 7, 8, 10",20,10,10,0.000510642223991626,0.000345887342791368,0.0018922072282116,0.353842751675569
"61","2, 3, 4, 5, 8, 10",20,10,10,0.000482253697085287,0.000345887342791368,0.0018922072282116,0.353842751675569
"62","1, 2, 3, 4, 5, 8, 10",20,10,10,0.000307885684126187,0.000345887342791368,0.0018922072282116,0.353842751675569
"63","3, 4, 9, 10",20,10,10,0.000259784398394379,0.000345887342791368,0.0018922072282116,0.353842751675569
"64","3, 4, 6, 7, 8, 10",20,10,10,0.000132864531701114,0.000345887342791368,0.0018922072282116,0.353842751675569
"65","1, 4, 9, 10",20,10,10,0,0.000345887342791368,0.0018922072282116,0.353842751675569
"66","1, 4, 6, 8, 10",20,9,11,0.00562578872598674,0.000221141088014154,0.00136281525926795,0.226227333038479
"67","3, 4, 6, 8, 10",20,9,11,0.00537140714620235,0.000221141088014154,0.00136281525926795,0.226227333038479
"68","1, 3, 4, 6, 8, 10",20,9,11,0.00506509936732568,0.000221141088014154,0.00136281525926795,0.226227333038479
"69","1, 3, 4, 5, 6, 8, 10",20,9,11,0.00499121401975728,0.000221141088014154,0.00136281525926795,0.226227333038479
"70","3, 4, 5, 6, 8, 10",20,9,11,0.00492999691256157,0.000221141088014154,0.00136281525926795,0.226227333038479
"71","2, 3, 5, 8, 10",20,9,11,0.00488404417416867,0.000221141088014154,0.00136281525926795,0.226227333038479
"72","1, 4, 5, 6, 8, 10",20,9,11,0.00447898727279095,0.000221141088014154,0.00136281525926795,0.226227333038479
"73","1, 3, 6, 8, 10",20,9,11,0.00429551171464194,0.000221141088014154,0.00136281525926795,0.226227333038479
"74","1, 2, 3, 5, 8, 10",20,9,11,0.00427133413158373,0.000221141088014154,0.00136281525926795,0.226227333038479
"75","1, 2, 5, 8, 10",20,9,11,0.00410619465802015,0.000221141088014154,0.00136281525926795,0.226227333038479
"76","1, 3, 5, 8, 10",20,9,11,0.00399055234661132,0.000221141088014154,0.00136281525926795,0.226227333038479
"77","4, 6, 8, 10",20,9,11,0.00397824061560551,0.000221141088014154,0.00136281525926795,0.226227333038479
"78","1, 3, 5, 6, 8, 10",20,9,11,0.00395976531140425,0.000221141088014154,0.00136281525926795,0.226227333038479
"79","2, 3, 4, 6, 8, 10",20,9,11,0.00378356936699735,0.000221141088014154,0.00136281525926795,0.226227333038479
"80","1, 2, 4, 6, 8, 10",20,9,11,0.00377733014538729,0.000221141088014154,0.00136281525926795,0.226227333038479
"81","1, 5, 8, 10",20,9,11,0.0037000501645935,0.000221141088014154,0.00136281525926795,0.226227333038479
"82","2, 3, 5, 8, 9, 10",20,9,11,0.00369704763369543,0.000221141088014154,0.00136281525926795,0.226227333038479
"83","2, 4, 6, 8, 10",20,9,11,0.00362560119083916,0.000221141088014154,0.00136281525926795,0.226227333038479
"84","1, 2, 3, 6, 8, 10",20,9,11,0.00346218146569413,0.000221141088014154,0.00136281525926795,0.226227333038479
"85","2, 5, 8, 10",20,9,11,0.00342910251618497,0.000221141088014154,0.00136281525926795,0.226227333038479
"86","1, 2, 3, 4, 5, 6, 8, 10",20,9,11,0.0033385496545905,0.000221141088014154,0.00136281525926795,0.226227333038479
"87","1, 2, 3, 4, 6, 8, 10",20,9,11,0.00332123121189146,0.000221141088014154,0.00136281525926795,0.226227333038479
"88","2, 3, 6, 8, 10",20,9,11,0.00321705882007737,0.000221141088014154,0.00136281525926795,0.226227333038479
"89","2, 3, 4, 5, 6, 8, 10",20,9,11,0.0031880941814689,0.000221141088014154,0.00136281525926795,0.226227333038479
"90","1, 2, 6, 8, 10",20,9,11,0.00282596682332959,0.000221141088014154,0.00136281525926795,0.226227333038479
"91","1, 2, 4, 5, 6, 8, 10",20,9,11,0.00278543611156785,0.000221141088014154,0.00136281525926795,0.226227333038479
"92","2, 3, 5, 7, 8, 10",20,9,11,0.00273294152015459,0.000221141088014154,0.00136281525926795,0.226227333038479
"93","4, 5, 6, 8, 10",20,9,11,0.00264576984295484,0.000221141088014154,0.00136281525926795,0.226227333038479
"94","2, 4, 5, 6, 8, 10",20,9,11,0.00261325026482345,0.000221141088014154,0.00136281525926795,0.226227333038479
"95","1, 5, 6, 8, 10",20,9,11,0.00252688337929792,0.000221141088014154,0.00136281525926795,0.226227333038479
"96","3, 5, 9, 10",20,9,11,0.00248819314696701,0.000221141088014154,0.00136281525926795,0.226227333038479
"97","2, 3, 5, 6, 8, 10",20,9,11,0.00238701400254014,0.000221141088014154,0.00136281525926795,0.226227333038479
"98","1, 2, 3, 5, 6, 8, 10",20,9,11,0.0023649840613835,0.000221141088014154,0.00136281525926795,0.226227333038479
"99","3, 4, 5, 6, 10",20,9,11,0.0022039520567474,0.000221141088014154,0.00136281525926795,0.226227333038479
"100","1, 3, 4, 6, 10",20,9,11,0.00216871496209846,0.000221141088014154,0.00136281525926795,0.226227333038479
"101","1, 4, 6, 7, 8, 10",20,9,11,0.00209395343761431,0.000221141088014154,0.00136281525926795,0.226227333038479
"102","2, 3, 5, 7, 8, 9, 10",20,9,11,0.00209048465464912,0.000221141088014154,0.00136281525926795,0.226227333038479
"103","2, 5, 6, 8, 10",20,9,11,0.00207923567483493,0.000221141088014154,0.00136281525926795,0.226227333038479
"104","1, 3, 4, 5, 7, 10",20,9,11,0.00202469807495804,0.000221141088014154,0.00136281525926795,0.226227333038479
"105","1, 3, 4, 5, 6, 10",20,9,11,0.00198015735678115,0.000221141088014154,0.00136281525926795,0.226227333038479
"106","1, 4, 6, 10",20,9,11,0.00195815625597196,0.000221141088014154,0.00136281525926795,0.226227333038479
"107","1, 3, 5, 7, 8, 10",20,9,11,0.00195761928388459,0.000221141088014154,0.00136281525926795,0.226227333038479
"108","1, 2, 5, 6, 8, 10",20,9,11,0.00194392106363252,0.000221141088014154,0.00136281525926795,0.226227333038479
"109","2, 3, 4, 5, 8, 9, 10",20,9,11,0.00188957792307102,0.000221141088014154,0.00136281525926795,0.226227333038479
"110","1, 3, 5, 7, 10",20,9,11,0.00184769789922957,0.000221141088014154,0.00136281525926795,0.226227333038479
"111","3, 4, 5, 8, 9, 10",20,9,11,0.00184206876671434,0.000221141088014154,0.00136281525926795,0.226227333038479
"112","3, 4, 6, 10",20,9,11,0.00184039094857769,0.000221141088014154,0.00136281525926795,0.226227333038479
"113","1, 2, 5, 7, 8, 9, 10",20,9,11,0.00177044739001996,0.000221141088014154,0.00136281525926795,0.226227333038479
"114","1, 2, 3, 4, 5, 7, 10",20,9,11,0.00175986051450867,0.000221141088014154,0.00136281525926795,0.226227333038479
"115","4, 5, 8, 10",20,9,11,0.00174462329048621,0.000221141088014154,0.00136281525926795,0.226227333038479
"116","4, 5, 8, 9, 10",20,9,11,0.00171732998832684,0.000221141088014154,0.00136281525926795,0.226227333038479
"117","2, 5, 7, 10",20,9,11,0.00171689310847092,0.000221141088014154,0.00136281525926795,0.226227333038479
"118","2, 4, 6, 7, 8, 10",20,9,11,0.00168428907113018,0.000221141088014154,0.00136281525926795,0.226227333038479
"119","1, 2, 3, 5, 7, 8, 10",20,9,11,0.00167834746799657,0.000221141088014154,0.00136281525926795,0.226227333038479
"120","1, 2, 3, 5, 7, 8, 9, 10",20,9,11,0.00166102282131551,0.000221141088014154,0.00136281525926795,0.226227333038479
"121","2, 4, 5, 8, 9, 10",20,9,11,0.00164742131577648,0.000221141088014154,0.00136281525926795,0.226227333038479
"122","1, 4, 5, 6, 7, 8, 10",20,9,11,0.0016364098640307,0.000221141088014154,0.00136281525926795,0.226227333038479
"123","3, 4, 5, 6, 7, 8, 10",20,9,11,0.00154953112173322,0.000221141088014154,0.00136281525926795,0.226227333038479
"124","1, 4, 5, 6, 10",20,9,11,0.0015447021110233,0.000221141088014154,0.00136281525926795,0.226227333038479
"125","1, 3, 4, 6, 7, 8, 10",20,9,11,0.00152601206954058,0.000221141088014154,0.00136281525926795,0.226227333038479
"126","2, 5, 8, 9, 10",20,9,11,0.00152442423847635,0.000221141088014154,0.00136281525926795,0.226227333038479
"127","2, 6, 8, 10",20,9,11,0.00147994078954899,0.000221141088014154,0.00136281525926795,0.226227333038479
"128","1, 4, 5, 7, 10",20,9,11,0.00146052483414883,0.000221141088014154,0.00136281525926795,0.226227333038479
"129","1, 2, 4, 6, 7, 8, 10",20,9,11,0.00145092035869502,0.000221141088014154,0.00136281525926795,0.226227333038479
"130","1, 2, 3, 5, 8, 9, 10",20,9,11,0.00144572382010737,0.000221141088014154,0.00136281525926795,0.226227333038479
"131","1, 3, 5, 8, 9, 10",20,9,11,0.00143980928256756,0.000221141088014154,0.00136281525926795,0.226227333038479
"132","2, 4, 5, 8, 10",20,9,11,0.00143768433423219,0.000221141088014154,0.00136281525926795,0.226227333038479
"133","4, 5, 6, 10",20,9,11,0.00143419475658962,0.000221141088014154,0.00136281525926795,0.226227333038479
"134","2, 3, 4, 5, 6, 10",20,9,11,0.00137433310125556,0.000221141088014154,0.00136281525926795,0.226227333038479
"135","1, 6, 8, 10",20,9,11,0.00136286575526267,0.000221141088014154,0.00136281525926795,0.226227333038479
"136","1, 3, 4, 5, 6, 7, 8, 10",20,9,11,0.00135818575225853,0.000221141088014154,0.00136281525926795,0.226227333038479
"137","1, 3, 5, 7, 8, 9, 10",20,9,11,0.00135763969433317,0.000221141088014154,0.00136281525926795,0.226227333038479
"138","2, 3, 4, 6, 7, 8, 10",20,9,11,0.00134341016133289,0.000221141088014154,0.00136281525926795,0.226227333038479
"139","3, 4, 5, 7, 10",20,9,11,0.00127047835229121,0.000221141088014154,0.00136281525926795,0.226227333038479
"140","2, 4, 5, 6, 7, 8, 10",20,9,11,0.00123477775435078,0.000221141088014154,0.00136281525926795,0.226227333038479
"141","4, 6, 10",20,9,11,0.0012021671403366,0.000221141088014154,0.00136281525926795,0.226227333038479
"142","1, 2, 3, 6, 10",20,9,11,0.00119590144203094,0.000221141088014154,0.00136281525926795,0.226227333038479
"143","2, 3, 4, 5, 6, 7, 8, 10",20,9,11,0.00118045436796716,0.000221141088014154,0.00136281525926795,0.226227333038479
"144","1, 2, 3, 4, 6, 7, 8, 10",20,9,11,0.00115300678172414,0.000221141088014154,0.00136281525926795,0.226227333038479
"145","1, 3, 4, 5, 8, 9, 10",20,9,11,0.00114918764164084,0.000221141088014154,0.00136281525926795,0.226227333038479
"146","1, 4, 5, 8, 9, 10",20,9,11,0.00111216184604903,0.000221141088014154,0.00136281525926795,0.226227333038479
"147","3, 5, 6, 9, 10",20,9,11,0.00109545169212828,0.000221141088014154,0.00136281525926795,0.226227333038479
"148","1, 4, 5, 8, 10",20,9,11,0.00109444970924934,0.000221141088014154,0.00136281525926795,0.226227333038479
"149","1, 2, 3, 4, 5, 8, 9, 10",20,9,11,0.00104589182477654,0.000221141088014154,0.00136281525926795,0.226227333038479
"150","1, 2, 5, 8, 9, 10",20,9,11,0.00103826206898356,0.000221141088014154,0.00136281525926795,0.226227333038479
"151","1, 2, 4, 5, 8, 9, 10",20,9,11,0.00103658399188049,0.000221141088014154,0.00136281525926795,0.226227333038479
"152","1, 2, 4, 5, 8, 10",20,9,11,0.00101226529373817,0.000221141088014154,0.00136281525926795,0.226227333038479
"153","1, 4, 5, 7, 8, 10",20,9,11,0.00101209101537797,0.000221141088014154,0.00136281525926795,0.226227333038479
"154","1, 2, 4, 5, 6, 7, 8, 10",20,9,11,0.00100666764242693,0.000221141088014154,0.00136281525926795,0.226227333038479
"155","1, 2, 3, 4, 5, 6, 7, 8, 10",20,9,11,0.000994190984174026,0.000221141088014154,0.00136281525926795,0.226227333038479
"156","4, 5, 7, 8, 10",20,9,11,0.000990541276183459,0.000221141088014154,0.00136281525926795,0.226227333038479
"157","2, 3, 4, 5, 7, 10",20,9,11,0.000987694265819541,0.000221141088014154,0.00136281525926795,0.226227333038479
"158","1, 2, 4, 5, 7, 8, 10",20,9,11,0.000959392856130843,0.000221141088014154,0.00136281525926795,0.226227333038479
"159","4, 5, 7, 10",20,9,11,0.000936689510891913,0.000221141088014154,0.00136281525926795,0.226227333038479
"160","1, 2, 3, 5, 7, 10",20,9,11,0.000858693620305981,0.000221141088014154,0.00136281525926795,0.226227333038479
"161","1, 2, 3, 4, 5, 6, 10",20,9,11,0.000844170944750706,0.000221141088014154,0.00136281525926795,0.226227333038479
"162","1, 2, 4, 5, 7, 10",20,9,11,0.000825930881523319,0.000221141088014154,0.00136281525926795,0.226227333038479
"163","2, 3, 5, 7, 10",20,9,11,0.000716204586342618,0.000221141088014154,0.00136281525926795,0.226227333038479
"164","1, 3, 6, 10",20,9,11,0.000599095087585939,0.000221141088014154,0.00136281525926795,0.226227333038479
"165","2, 4, 5, 6, 10",20,9,11,0.00059126760341803,0.000221141088014154,0.00136281525926795,0.226227333038479
"166","1, 3, 4, 6, 8, 9, 10",20,9,11,0.000472279238754016,0.000221141088014154,0.00136281525926795,0.226227333038479
"167","3, 10",20,9,11,0.000390388905604143,0.000221141088014154,0.00136281525926795,0.226227333038479
"168","1, 3, 5, 6, 10",20,9,11,0.000351829656166949,0.000221141088014154,0.00136281525926795,0.226227333038479
"169","1, 2, 3, 4, 6, 8, 9, 10",20,9,11,0.000318649058016967,0.000221141088014154,0.00136281525926795,0.226227333038479
"170","1, 2, 5, 7, 8, 10",20,9,11,0.000317732574829255,0.000221141088014154,0.00136281525926795,0.226227333038479
"171","2, 3, 4, 5, 6, 8, 9, 10",20,9,11,0.000310981724026813,0.000221141088014154,0.00136281525926795,0.226227333038479
"172","2, 3, 4, 6, 8, 9, 10",20,9,11,0.000295370170755115,0.000221141088014154,0.00136281525926795,0.226227333038479
"173","3, 5, 8, 9, 10",20,9,11,0.000294195540919983,0.000221141088014154,0.00136281525926795,0.226227333038479
"174","1, 2, 3, 4, 6, 10",20,9,11,0.00028637669817479,0.000221141088014154,0.00136281525926795,0.226227333038479
"175","1, 2, 3, 4, 5, 7, 8, 9, 10",20,9,11,0.000281610136180513,0.000221141088014154,0.00136281525926795,0.226227333038479
"176","3, 4, 5, 6, 8, 9, 10",20,9,11,0.000237991788021478,0.000221141088014154,0.00136281525926795,0.226227333038479
"177","1, 5, 9, 10",20,9,11,0.000226830780715604,0.000221141088014154,0.00136281525926795,0.226227333038479
"178","3, 4, 6, 8, 9, 10",20,9,11,0.000222054493071246,0.000221141088014154,0.00136281525926795,0.226227333038479
"179","2, 4, 6, 10",20,9,11,0.000199659233946579,0.000221141088014154,0.00136281525926795,0.226227333038479
"180","2, 3, 4, 6, 10",20,9,11,0.000166707728719385,0.000221141088014154,0.00136281525926795,0.226227333038479
"181","2, 4, 5, 7, 10",20,9,11,0.000156876491756202,0.000221141088014154,0.00136281525926795,0.226227333038479
"182","2, 3, 6, 8, 9, 10",20,9,11,0.000100809432618386,0.000221141088014154,0.00136281525926795,0.226227333038479
"183","1, 2, 4, 5, 6, 10",20,9,11,6.18652529370753e-05,0.000221141088014154,0.00136281525926795,0.226227333038479
"184","2, 3, 5, 6, 8, 9, 10",20,9,11,4.59015796281832e-05,0.000221141088014154,0.00136281525926795,0.226227333038479
"185","3, 4, 5, 7, 8, 9, 10",20,9,11,2.31631059897271e-05,0.000221141088014154,0.00136281525926795,0.226227333038479
"186","1, 3, 4, 6, 7, 8, 9, 10",20,9,11,1.07338474683513e-05,0.000221141088014154,0.00136281525926795,0.226227333038479
"187","3, 4, 6, 9, 10",20,9,11,7.23144512945403e-06,0.000221141088014154,0.00136281525926795,0.226227333038479
"188","1, 2, 3, 4, 5, 6, 7, 9, 10",19,11,8,0.0104485946558023,0.00103199174406605,0.00309370711847492,1
"189","1, 3, 4, 5, 6, 7, 10",19,11,8,0.0101973211236896,0.00103199174406605,0.00309370711847492,1
"190","1, 3, 4, 5, 6, 7, 9, 10",19,11,8,0.0100803687931554,0.00103199174406605,0.00309370711847492,1
"191","2, 3, 4, 5, 6, 7, 10",19,11,8,0.0100261632793192,0.00103199174406605,0.00309370711847492,1
"192","1, 2, 3, 4, 5, 6, 7, 10",19,11,8,0.0100204273813697,0.00103199174406605,0.00309370711847492,1
"193","2, 5, 9, 10",19,11,8,0.00996691477391323,0.00103199174406605,0.00309370711847492,1
"194","2, 3, 4, 5, 6, 7, 9, 10",19,11,8,0.00948582242192818,0.00103199174406605,0.00309370711847492,1
"195","1, 2, 3, 5, 6, 7, 9, 10",19,11,8,0.00926816154173646,0.00103199174406605,0.00309370711847492,1
"196","1, 2, 3, 5, 6, 7, 10",19,11,8,0.00728148859808178,0.00103199174406605,0.00309370711847492,1
"197","1, 3, 4, 9, 10",19,11,8,0.00467070804442629,0.00103199174406605,0.00309370711847492,1
"198","1, 2, 3, 4, 6, 9, 10",19,11,8,0.00437566046825408,0.00103199174406605,0.00309370711847492,1
"199","1, 3, 4, 6, 9, 10",19,11,8,0.00432434808418906,0.00103199174406605,0.00309370711847492,1
"200","1, 2, 4, 9, 10",19,11,8,0.00427505074777368,0.00103199174406605,0.00309370711847492,1
"201","1, 2, 3, 4, 9, 10",19,11,8,0.00387288281158423,0.00103199174406605,0.00309370711847492,1
"202","1, 2, 3, 9, 10",19,11,8,0.00357863037645309,0.00103199174406605,0.00309370711847492,1
"203","1, 3, 4, 5, 7, 9, 10",19,11,8,0.00353356807369416,0.00103199174406605,0.00309370711847492,1
"204","1, 3, 9, 10",19,11,8,0.00341120147881196,0.00103199174406605,0.00309370711847492,1
"205","1, 2, 3, 4, 5, 7, 9, 10",19,11,8,0.00334641586536146,0.00103199174406605,0.00309370711847492,1
"206","2, 3, 4, 6, 9, 10",19,11,8,0.00331442506209366,0.00103199174406605,0.00309370711847492,1
"207","1, 3, 6, 9, 10",19,11,8,0.00316365086107359,0.00103199174406605,0.00309370711847492,1
"208","1, 2, 3, 5, 9",19,11,8,0.00313590009129823,0.00103199174406605,0.00309370711847492,1
"209","2, 3, 5, 6, 10",19,11,8,0.00303360868308256,0.00103199174406605,0.00309370711847492,1
"210","1, 4, 9",19,11,8,0.00296822153355232,0.00103199174406605,0.00309370711847492,1
"211","1, 3, 4, 9",19,11,8,0.00292820455882661,0.00103199174406605,0.00309370711847492,1
"212","1, 2, 9, 10",19,11,8,0.00287647799535425,0.00103199174406605,0.00309370711847492,1
"213","1, 2, 4, 9",19,11,8,0.00280916684760666,0.00103199174406605,0.00309370711847492,1
"214","1, 2, 3, 4, 9",19,11,8,0.00277206167684383,0.00103199174406605,0.00309370711847492,1
"215","1, 3, 5, 6, 7, 10",19,11,8,0.00261735777433925,0.00103199174406605,0.00309370711847492,1
"216","1, 2, 3, 6, 9, 10",19,11,8,0.00254109083357598,0.00103199174406605,0.00309370711847492,1
"217","1, 4, 5, 6, 9, 10",19,11,8,0.00227054872633641,0.00103199174406605,0.00309370711847492,1
"218","2, 3, 6, 9, 10",19,11,8,0.00221220341192804,0.00103199174406605,0.00309370711847492,1
"219","2, 3, 5, 6, 7, 10",19,11,8,0.00214472894391774,0.00103199174406605,0.00309370711847492,1
"220","1, 2, 4, 5, 6, 9, 10",19,11,8,0.00209126432646455,0.00103199174406605,0.00309370711847492,1
"221","1, 3, 5, 9",19,11,8,0.00187968674723242,0.00103199174406605,0.00309370711847492,1
"222","2, 3, 4, 5, 7, 9, 10",19,11,8,0.00171458778983322,0.00103199174406605,0.00309370711847492,1
"223","1, 3, 4, 5, 6, 8, 9, 10",19,11,8,0.00150346809570014,0.00103199174406605,0.00309370711847492,1
"224","2, 4, 5, 6, 9, 10",19,11,8,0.00137722687915325,0.00103199174406605,0.00309370711847492,1
"225","1, 2, 3, 4, 5, 6, 8, 9, 10",19,11,8,0.00137321687019798,0.00103199174406605,0.00309370711847492,1
"226","1, 3, 4, 5",19,11,8,0.00115205566162949,0.00103199174406605,0.00309370711847492,1
"227","2, 3, 5, 6, 9, 10",19,11,8,0.00103578422934555,0.00103199174406605,0.00309370711847492,1
"228","3, 4, 9",19,11,8,0.00099082168245735,0.00103199174406605,0.00309370711847492,1
"229","2, 3, 4, 5",19,11,8,0.00098430947105646,0.00103199174406605,0.00309370711847492,1
"230","3, 4, 5",19,11,8,0.000951930934521743,0.00103199174406605,0.00309370711847492,1
"231","4, 5, 9",19,11,8,0.000938970907232776,0.00103199174406605,0.00309370711847492,1
"232","2, 4, 9",19,11,8,0.000884893825964902,0.00103199174406605,0.00309370711847492,1
"233","1, 2, 5, 9",19,11,8,0.00082780756796803,0.00103199174406605,0.00309370711847492,1
"234","2, 3, 4, 9",19,11,8,0.000762457631534711,0.00103199174406605,0.00309370711847492,1
"235","1, 3, 5, 7, 9, 10",19,11,8,0.000755103229128501,0.00103199174406605,0.00309370711847492,1
"236","1, 2, 3, 5, 6, 10",19,11,8,0.000730979603137873,0.00103199174406605,0.00309370711847492,1
"237","1, 2, 3, 4, 5",19,11,8,0.000630250606036614,0.00103199174406605,0.00309370711847492,1
"238","1, 2, 3, 5, 7, 9, 10",19,11,8,0.000584687123340949,0.00103199174406605,0.00309370711847492,1
"239","1, 2, 5, 6, 9, 10",19,11,8,0.000471227748986405,0.00103199174406605,0.00309370711847492,1
"240","4, 9",19,11,8,0.000432037530651127,0.00103199174406605,0.00309370711847492,1
"241","2, 3, 10",19,11,8,0.000127630295958003,0.00103199174406605,0.00309370711847492,1
"242","1, 4, 5, 7, 9, 10",19,11,8,6.67642010247563e-05,0.00103199174406605,0.00309370711847492,1
"243","2, 3, 4, 5, 6, 7, 8, 9, 10",19,10,9,0.0308522934454315,0.00190521552750655,0.00309370711847492,1
"244","1, 3, 4, 5, 6, 7, 8, 9, 10",19,10,9,0.0305928104138184,0.00190521552750655,0.00309370711847492,1
"245","1, 2, 3, 4, 5, 6, 7, 8, 9, 10",19,10,9,0.0303578630045656,0.00190521552750655,0.00309370711847492,1
"246","1, 2, 3, 5, 6, 7, 8, 9, 10",19,10,9,0.0298968809025437,0.00190521552750655,0.00309370711847492,1
"247","1, 3, 4, 5, 7, 8, 9, 10",19,10,9,0.0250063195503494,0.00190521552750655,0.00309370711847492,1
"248","2, 3, 4, 5, 7, 8, 9, 10",19,10,9,0.0232481206966649,0.00190521552750655,0.00309370711847492,1
"249","2, 3, 5, 6, 7, 8, 9, 10",19,10,9,0.0202194588958325,0.00190521552750655,0.00309370711847492,1
"250","1, 3, 5, 6, 7, 8, 9, 10",19,10,9,0.0198795379759007,0.00190521552750655,0.00309370711847492,1
"251","2, 3, 4, 5, 7, 9",19,10,9,0.0194875394799203,0.00190521552750655,0.00309370711847492,1
"252","1, 3, 4, 5, 7, 9",19,10,9,0.018180241910332,0.00190521552750655,0.00309370711847492,1
"253","2, 3, 5, 7, 9",19,10,9,0.0180127536745011,0.00190521552750655,0.00309370711847492,1
"254","1, 3, 5, 6, 7, 9, 10",19,10,9,0.0179601859303604,0.00190521552750655,0.00309370711847492,1
"255","1, 3, 5, 7, 9",19,10,9,0.0179173946798155,0.00190521552750655,0.00309370711847492,1
"256","1, 2, 3, 5, 6, 8, 9, 10",19,10,9,0.0174649733838329,0.00190521552750655,0.00309370711847492,1
"257","1, 2, 3, 4, 5, 7, 9",19,10,9,0.0173632678438664,0.00190521552750655,0.00309370711847492,1
"258","1, 3, 5, 6, 8, 9, 10",19,10,9,0.0170235502301207,0.00190521552750655,0.00309370711847492,1
"259","1, 2, 4, 5, 7, 9",19,10,9,0.0168363085322346,0.00190521552750655,0.00309370711847492,1
"260","2, 3, 5, 6, 7, 9, 10",19,10,9,0.01675489155492,0.00190521552750655,0.00309370711847492,1
"261","1, 2, 3, 5, 7, 9",19,10,9,0.016660904621158,0.00190521552750655,0.00309370711847492,1
"262","2, 3, 4, 5, 7, 8, 9",19,10,9,0.0163505626175651,0.00190521552750655,0.00309370711847492,1
"263","1, 4, 5, 7, 9",19,10,9,0.0160798049669205,0.00190521552750655,0.00309370711847492,1
"264","1, 3, 4, 5, 7, 8, 9",19,10,9,0.0154569321405786,0.00190521552750655,0.00309370711847492,1
"265","1, 2, 3, 4, 5, 7, 8, 9",19,10,9,0.015121450005683,0.00190521552750655,0.00309370711847492,1
"266","3, 4, 5, 7, 9",19,10,9,0.014981392978924,0.00190521552750655,0.00309370711847492,1
"267","1, 3, 4, 5, 6, 7, 9",19,10,9,0.0149788094677302,0.00190521552750655,0.00309370711847492,1
"268","2, 3, 4, 5, 6, 7, 9",19,10,9,0.01482880603189,0.00190521552750655,0.00309370711847492,1
"269","1, 2, 3, 4, 5, 6, 7, 9",19,10,9,0.014789646709715,0.00190521552750655,0.00309370711847492,1
"270","2, 4, 5, 7, 9",19,10,9,0.0144550887116701,0.00190521552750655,0.00309370711847492,1
"271","1, 2, 3, 5, 6, 7, 8, 10",19,10,9,0.0139701151745054,0.00190521552750655,0.00309370711847492,1
"272","2, 3, 5, 6, 7, 8, 10",19,10,9,0.0137941646750681,0.00190521552750655,0.00309370711847492,1
"273","2, 3, 5, 7, 9, 10",19,10,9,0.0136743180708064,0.00190521552750655,0.00309370711847492,1
"274","1, 3, 5, 6, 7, 8, 10",19,10,9,0.0135909751775798,0.00190521552750655,0.00309370711847492,1
"275","1, 3, 5, 6, 7, 9",19,10,9,0.0132447482948896,0.00190521552750655,0.00309370711847492,1
"276","2, 3, 5, 6, 7, 9",19,10,9,0.0131541548258418,0.00190521552750655,0.00309370711847492,1
"277","1, 3, 4, 5, 6, 7, 8, 9",19,10,9,0.0130445262357583,0.00190521552750655,0.00309370711847492,1
"278","2, 3, 4, 5, 6, 7, 8, 9",19,10,9,0.0129792230869693,0.00190521552750655,0.00309370711847492,1
"279","1, 2, 4, 5, 7, 9, 10",19,10,9,0.0127495045288456,0.00190521552750655,0.00309370711847492,1
"280","1, 2, 3, 5, 6, 7, 9",19,10,9,0.0126156652627211,0.00190521552750655,0.00309370711847492,1
"281","1, 2, 4, 5, 7, 8, 9",19,10,9,0.0125816009983594,0.00190521552750655,0.00309370711847492,1
"282","1, 2, 4, 5, 6, 7, 9",19,10,9,0.0124542721566414,0.00190521552750655,0.00309370711847492,1
"283","2, 3, 5, 7, 8, 9",19,10,9,0.0119604349966006,0.00190521552750655,0.00309370711847492,1
"284","1, 2, 3, 4, 5, 6, 7, 8, 9",19,10,9,0.0118890849517643,0.00190521552750655,0.00309370711847492,1
"285","3, 4, 5, 7, 8",19,10,9,0.0113772761921829,0.00190521552750655,0.00309370711847492,1
"286","1, 3, 4, 5, 7, 8",19,10,9,0.0112396667614094,0.00190521552750655,0.00309370711847492,1
"287","1, 4, 5, 7, 8",19,10,9,0.0112014673055507,0.00190521552750655,0.00309370711847492,1
"288","2, 3, 4, 5, 7, 8",19,10,9,0.0109992476576652,0.00190521552750655,0.00309370711847492,1
"289","1, 3, 5, 7, 8, 9",19,10,9,0.0109698569039171,0.00190521552750655,0.00309370711847492,1
"290","2, 4, 5, 7, 8",19,10,9,0.0107184297373905,0.00190521552750655,0.00309370711847492,1
"291","1, 3, 5, 6, 7, 8, 9",19,10,9,0.0106488950450774,0.00190521552750655,0.00309370711847492,1
"292","1, 2, 3, 5, 7, 8, 9",19,10,9,0.0106478822962969,0.00190521552750655,0.00309370711847492,1
"293","1, 2, 3, 4, 5, 7, 8",19,10,9,0.0104993009756648,0.00190521552750655,0.00309370711847492,1
"294","1, 4, 5, 6, 7, 9",19,10,9,0.010484922491507,0.00190521552750655,0.00309370711847492,1
"295","1, 2, 4, 5, 7, 8",19,10,9,0.0104569922866561,0.00190521552750655,0.00309370711847492,1
"296","2, 3, 5, 6, 7, 8, 9",19,10,9,0.0101634137335405,0.00190521552750655,0.00309370711847492,1
"297","1, 2, 4, 5, 6, 7, 8, 9",19,10,9,0.0101264834212021,0.00190521552750655,0.00309370711847492,1
"298","1, 4, 5, 7, 8, 9",19,10,9,0.0100165198109588,0.00190521552750655,0.00309370711847492,1
"299","1, 2, 4, 5, 6, 7, 9, 10",19,10,9,0.00960006995887787,0.00190521552750655,0.00309370711847492,1
"300","1, 2, 3, 5, 6, 7, 8, 9",19,10,9,0.00943637088467397,0.00190521552750655,0.00309370711847492,1
"301","3, 4, 5, 7, 9, 10",19,10,9,0.00925898984222041,0.00190521552750655,0.00309370711847492,1
"302","3, 4, 5, 6, 9, 10",19,10,9,0.00923331091909552,0.00190521552750655,0.00309370711847492,1
"303","1, 2, 4, 5, 7, 8, 9, 10",19,10,9,0.00889380455646799,0.00190521552750655,0.00309370711847492,1
"304","3, 4, 5, 7, 8, 9",19,10,9,0.00887141133263702,0.00190521552750655,0.00309370711847492,1
"305","1, 2, 4, 5, 6, 8, 9, 10",19,10,9,0.00885012420192909,0.00190521552750655,0.00309370711847492,1
"306","1, 4, 5, 6, 7, 8, 9",19,10,9,0.00884351704292944,0.00190521552750655,0.00309370711847492,1
"307","1, 4, 5, 6, 7, 8",19,10,9,0.00876243567978871,0.00190521552750655,0.00309370711847492,1
"308","1, 4, 5, 6, 9",19,10,9,0.00859012886638912,0.00190521552750655,0.00309370711847492,1
"309","2, 4, 5, 7, 9, 10",19,10,9,0.00855107121465704,0.00190521552750655,0.00309370711847492,1
"310","1, 2, 4, 5, 6, 9",19,10,9,0.00831946171003795,0.00190521552750655,0.00309370711847492,1
"311","1, 3, 4, 5, 6, 9",19,10,9,0.0082991972952995,0.00190521552750655,0.00309370711847492,1
"312","1, 2, 3, 4, 5, 6, 9",19,10,9,0.00824387996067747,0.00190521552750655,0.00309370711847492,1
"313","1, 3, 4, 5, 6, 7, 8",19,10,9,0.00816496583957794,0.00190521552750655,0.00309370711847492,1
"314","1, 2, 4, 5, 6, 7, 8",19,10,9,0.00813733521258659,0.00190521552750655,0.00309370711847492,1
"315","3, 4, 5, 6, 7, 8",19,10,9,0.00799433002075015,0.00190521552750655,0.00309370711847492,1
"316","2, 4, 5, 6, 7, 8",19,10,9,0.00796643308141371,0.00190521552750655,0.00309370711847492,1
"317","1, 4, 5, 6, 7, 9, 10",19,10,9,0.00793434253779033,0.00190521552750655,0.00309370711847492,1
"318","2, 4, 5, 7, 8, 9",19,10,9,0.00768117913909751,0.00190521552750655,0.00309370711847492,1
"319","1, 2, 4, 5, 6, 7, 8, 9, 10",19,10,9,0.00766085041812329,0.00190521552750655,0.00309370711847492,1
"320","1, 2, 3, 4, 5, 6, 7, 8",19,10,9,0.00755325676466159,0.00190521552750655,0.00309370711847492,1
"321","2, 4, 5, 6, 7, 9",19,10,9,0.00750275970147814,0.00190521552750655,0.00309370711847492,1
"322","3, 4, 5, 6, 7, 9",19,10,9,0.00747538784753821,0.00190521552750655,0.00309370711847492,1
"323","2, 3, 4, 5, 6, 7, 8",19,10,9,0.00737701255586868,0.00190521552750655,0.00309370711847492,1
"324","1, 3, 5, 7, 8",19,10,9,0.00717612126524762,0.00190521552750655,0.00309370711847492,1
"325","3, 4, 5, 8, 9",19,10,9,0.00698897814326174,0.00190521552750655,0.00309370711847492,1
"326","2, 3, 4, 5, 8, 9",19,10,9,0.00663138964414765,0.00190521552750655,0.00309370711847492,1
"327","2, 4, 5, 8, 9",19,10,9,0.00660005945449608,0.00190521552750655,0.00309370711847492,1
"328","3, 4, 5, 6, 9",19,10,9,0.00644402498069645,0.00190521552750655,0.00309370711847492,1
"329","2, 3, 5, 7, 8",19,10,9,0.0064421796709543,0.00190521552750655,0.00309370711847492,1
"330","1, 2, 3, 5, 7, 8",19,10,9,0.00643682666524681,0.00190521552750655,0.00309370711847492,1
"331","2, 4, 5, 6, 8, 9",19,10,9,0.00640340795696039,0.00190521552750655,0.00309370711847492,1
"332","3, 4, 5, 6, 7, 8, 9",19,10,9,0.00639407773173412,0.00190521552750655,0.00309370711847492,1
"333","3, 4, 5, 6, 8, 9",19,10,9,0.00633342645565948,0.00190521552750655,0.00309370711847492,1
"334","2, 3, 4, 5, 6, 8, 9",19,10,9,0.00628880898962219,0.00190521552750655,0.00309370711847492,1
"335","1, 3, 4, 5, 8, 9",19,10,9,0.0062779316171796,0.00190521552750655,0.00309370711847492,1
"336","1, 2, 3, 4, 5, 8, 9",19,10,9,0.00626290344065912,0.00190521552750655,0.00309370711847492,1
"337","1, 4, 5, 8, 9",19,10,9,0.00624618466634992,0.00190521552750655,0.00309370711847492,1
"338","1, 2, 4, 5, 8, 9",19,10,9,0.00623157194570759,0.00190521552750655,0.00309370711847492,1
"339","1, 4, 5, 7, 8, 9, 10",19,10,9,0.00622497311059338,0.00190521552750655,0.00309370711847492,1
"340","2, 4, 5, 6, 9",19,10,9,0.00600778015557661,0.00190521552750655,0.00309370711847492,1
"341","2, 3, 4, 5, 6, 9",19,10,9,0.00597217935168202,0.00190521552750655,0.00309370711847492,1
"342","3, 4, 5, 6, 7, 9, 10",19,10,9,0.00593601693029384,0.00190521552750655,0.00309370711847492,1
"343","2, 4, 5, 6, 7, 9, 10",19,10,9,0.00572829378053882,0.00190521552750655,0.00309370711847492,1
"344","2, 3, 5, 9",19,10,9,0.00571332240397617,0.00190521552750655,0.00309370711847492,1
"345","1, 4, 5, 6, 7, 8, 9, 10",19,10,9,0.00552243898898015,0.00190521552750655,0.00309370711847492,1
"346","2, 4, 5, 6, 7, 8, 9",19,10,9,0.0053447741384436,0.00190521552750655,0.00309370711847492,1
"347","1, 4, 5, 6, 8, 9, 10",19,10,9,0.00532187082029043,0.00190521552750655,0.00309370711847492,1
"348","2, 4, 6, 9",19,10,9,0.00518734923621223,0.00190521552750655,0.00309370711847492,1
"349","3, 4, 6, 9",19,10,9,0.00507974259647775,0.00190521552750655,0.00309370711847492,1
"350","1, 4, 6, 9",19,10,9,0.00494850828967655,0.00190521552750655,0.00309370711847492,1
"351","1, 2, 4, 6, 9",19,10,9,0.00491157688944712,0.00190521552750655,0.00309370711847492,1
"352","1, 3, 4, 6, 9",19,10,9,0.0048111935067156,0.00190521552750655,0.00309370711847492,1
"353","1, 10",19,10,9,0.00478357750149772,0.00190521552750655,0.00309370711847492,1
"354","1, 2, 3, 4, 6, 9",19,10,9,0.00477500535355647,0.00190521552750655,0.00309370711847492,1
"355","4, 5, 7, 9",19,10,9,0.00465198682065431,0.00190521552750655,0.00309370711847492,1
"356","2, 3, 4, 6, 9",19,10,9,0.00464088711319981,0.00190521552750655,0.00309370711847492,1
"357","2, 4, 5, 6, 8, 9, 10",19,10,9,0.00453384540295649,0.00190521552750655,0.00309370711847492,1
"358","2, 5, 9",19,10,9,0.00450555822016954,0.00190521552750655,0.00309370711847492,1
"359","1, 2, 5, 7, 9",19,10,9,0.00446157115049937,0.00190521552750655,0.00309370711847492,1
"360","1, 3, 4, 5, 6, 8, 9",19,10,9,0.00431234237077246,0.00190521552750655,0.00309370711847492,1
"361","2, 3, 5, 6, 7, 8",19,10,9,0.00429057064930035,0.00190521552750655,0.00309370711847492,1
"362","1, 4, 5, 6, 8, 9",19,10,9,0.00428118654874962,0.00190521552750655,0.00309370711847492,1
"363","3, 4, 5, 7",19,10,9,0.00423098093750986,0.00190521552750655,0.00309370711847492,1
"364","2, 4, 6, 9, 10",19,10,9,0.00422782878200453,0.00190521552750655,0.00309370711847492,1
"365","1, 2, 3, 4, 5, 6, 8, 9",19,10,9,0.00415931966969443,0.00190521552750655,0.00309370711847492,1
"366","1, 2, 4, 5, 6, 8, 9",19,10,9,0.00412737433048889,0.00190521552750655,0.00309370711847492,1
"367","1, 3, 5, 6, 7, 8",19,10,9,0.00375280216036255,0.00190521552750655,0.00309370711847492,1
"368","3, 5, 9",19,10,9,0.00365524356431679,0.00190521552750655,0.00309370711847492,1
"369","1, 2, 3, 5, 6, 7, 8",19,10,9,0.00347844497640935,0.00190521552750655,0.00309370711847492,1
"370","1, 2, 5, 7, 8",19,10,9,0.00340290328109702,0.00190521552750655,0.00309370711847492,1
"371","1, 4, 6, 9, 10",19,10,9,0.00338806072277081,0.00190521552750655,0.00309370711847492,1
"372","2, 4, 5, 7, 8, 9, 10",19,10,9,0.0033037900989263,0.00190521552750655,0.00309370711847492,1
"373","2, 3, 4, 5, 7",19,10,9,0.00328804788173867,0.00190521552750655,0.00309370711847492,1
"374","4, 5, 7",19,10,9,0.0032121266948213,0.00190521552750655,0.00309370711847492,1
"375","1, 3, 4, 5, 7",19,10,9,0.00312801023425472,0.00190521552750655,0.00309370711847492,1
"376","1, 2, 3, 4, 5, 7",19,10,9,0.00307243712904948,0.00190521552750655,0.00309370711847492,1
"377","3, 4, 5, 8",19,10,9,0.0030559731923999,0.00190521552750655,0.00309370711847492,1
"378","2, 3, 5, 8, 9",19,10,9,0.00290858765059868,0.00190521552750655,0.00309370711847492,1
"379","2, 3, 6, 10",19,10,9,0.00274572242687862,0.00190521552750655,0.00309370711847492,1
"380","2, 4, 5, 7",19,10,9,0.0026667226361711,0.00190521552750655,0.00309370711847492,1
"381","2, 3, 5, 6, 8, 9",19,10,9,0.00261181696052956,0.00190521552750655,0.00309370711847492,1
"382","2, 4, 5, 6, 7, 8, 9, 10",19,10,9,0.00255815179168263,0.00190521552750655,0.00309370711847492,1
"383","3, 4, 5, 6, 7, 8, 9, 10",19,10,9,0.00252602359805119,0.00190521552750655,0.00309370711847492,1
"384","4, 6, 9",19,10,9,0.00243287296691953,0.00190521552750655,0.00309370711847492,1
"385","1, 2, 4, 6, 9, 10",19,10,9,0.00232635448449181,0.00190521552750655,0.00309370711847492,1
"386","1, 4, 6, 7, 8",19,10,9,0.002210817305835,0.00190521552750655,0.00309370711847492,1
"387","1, 2, 3, 5, 6, 9",19,10,9,0.00217712479520356,0.00190521552750655,0.00309370711847492,1
"388","2, 3, 6, 8, 9",19,10,9,0.0021701863503285,0.00190521552750655,0.00309370711847492,1
"389","1, 2, 5, 6, 9",19,10,9,0.00211776385130035,0.00190521552750655,0.00309370711847492,1
"390","1, 4, 5, 7",19,10,9,0.00193518796560053,0.00190521552750655,0.00309370711847492,1
"391","1, 3, 5, 6, 9",19,10,9,0.00192927912589253,0.00190521552750655,0.00309370711847492,1
"392","1, 2, 4, 5, 7",19,10,9,0.00189590506102839,0.00190521552750655,0.00309370711847492,1
"393","1, 5, 9",19,10,9,0.00189568468361882,0.00190521552750655,0.00309370711847492,1
"394","3, 9, 10",19,10,9,0.0018431839306973,0.00190521552750655,0.00309370711847492,1
"395","3, 4, 8, 10",19,10,9,0.00183953290094494,0.00190521552750655,0.00309370711847492,1
"396","4, 5, 8, 9",19,10,9,0.00182400849669735,0.00190521552750655,0.00309370711847492,1
"397","1, 3, 4, 6, 7, 8",19,10,9,0.00172262296424953,0.00190521552750655,0.00309370711847492,1
"398","3, 4, 6, 8, 9",19,10,9,0.00163891564515386,0.00190521552750655,0.00309370711847492,1
"399","1, 2, 4, 6, 7, 8",19,10,9,0.00161864869896029,0.00190521552750655,0.00309370711847492,1
"400","2, 3, 4, 6, 8, 9",19,10,9,0.00161013612096948,0.00190521552750655,0.00309370711847492,1
"401","2, 3, 6, 9",19,10,9,0.00157802006201404,0.00190521552750655,0.00309370711847492,1
"402","1, 3, 4, 6, 8, 9",19,10,9,0.00153919047411401,0.00190521552750655,0.00309370711847492,1
"403","4, 5, 8",19,10,9,0.00148597048171337,0.00190521552750655,0.00309370711847492,1
"404","2, 3, 6, 7, 8",19,10,9,0.00146843271452437,0.00190521552750655,0.00309370711847492,1
"405","1, 3, 6, 9",19,10,9,0.00142781951333979,0.00190521552750655,0.00309370711847492,1
"406","2, 4, 6, 8, 9",19,10,9,0.00142350462231016,0.00190521552750655,0.00309370711847492,1
"407","1, 2, 3, 4, 6, 7, 8",19,10,9,0.00140375989226845,0.00190521552750655,0.00309370711847492,1
"408","4, 5, 7, 8",19,10,9,0.00138834791966998,0.00190521552750655,0.00309370711847492,1
"409","3, 4, 6, 7, 8",19,10,9,0.00138598659886528,0.00190521552750655,0.00309370711847492,1
"410","1, 3, 5, 8, 9",19,10,9,0.00136314139723774,0.00190521552750655,0.00309370711847492,1
"411","1, 3, 5, 6, 8, 9",19,10,9,0.00129076607492938,0.00190521552750655,0.00309370711847492,1
"412","1, 2, 3, 5, 6, 8, 9",19,10,9,0.00127955179393236,0.00190521552750655,0.00309370711847492,1
"413","2, 3, 4, 8, 10",19,10,9,0.00124353712120149,0.00190521552750655,0.00309370711847492,1
"414","1, 3, 6, 8, 9",19,10,9,0.0011967071973851,0.00190521552750655,0.00309370711847492,1
"415","1, 2, 3, 6, 8, 9",19,10,9,0.0011860115932176,0.00190521552750655,0.00309370711847492,1
"416","1, 3, 4, 5, 8",19,10,9,0.00114276420228272,0.00190521552750655,0.00309370711847492,1
"417","1, 4, 6, 8, 9",19,10,9,0.00110995966497813,0.00190521552750655,0.00309370711847492,1
"418","2, 4, 6, 7, 8",19,10,9,0.00109616156654607,0.00190521552750655,0.00309370711847492,1
"419","2, 4, 5",19,10,9,0.00105023852356129,0.00190521552750655,0.00309370711847492,1
"420","2, 6, 9",19,10,9,0.00104023718027442,0.00190521552750655,0.00309370711847492,1
"421","1, 2, 3, 5, 8, 9",19,10,9,0.00100661962223204,0.00190521552750655,0.00309370711847492,1
"422","1, 2, 4, 5",19,10,9,0.000985517929912989,0.00190521552750655,0.00309370711847492,1
"423","2, 3, 4, 6, 7, 8",19,10,9,0.000960852809584887,0.00190521552750655,0.00309370711847492,1
"424","2, 3, 5, 6, 9",19,10,9,0.000952522793157357,0.00190521552750655,0.00309370711847492,1
"425","3, 4, 6, 7, 9, 10",19,10,9,0.000914760094247357,0.00190521552750655,0.00309370711847492,1
"426","1, 3, 4, 6",19,10,9,0.000903349254663694,0.00190521552750655,0.00309370711847492,1
"427","1, 3, 4, 8, 10",19,10,9,0.000900590152416253,0.00190521552750655,0.00309370711847492,1
"428","1, 3, 5, 7",19,10,9,0.000870343683602396,0.00190521552750655,0.00309370711847492,1
"429","1, 2, 5, 6, 7, 8",19,10,9,0.000862957286031533,0.00190521552750655,0.00309370711847492,1
"430","2, 4, 6, 8, 9, 10",19,10,9,0.000843301370889588,0.00190521552750655,0.00309370711847492,1
"431","3, 4, 8, 9, 10",19,10,9,0.000797058635098245,0.00190521552750655,0.00309370711847492,1
"432","1, 2, 5, 6, 8, 9",19,10,9,0.000774275828349599,0.00190521552750655,0.00309370711847492,1
"433","1, 2, 3, 5, 7",19,10,9,0.000768039805151447,0.00190521552750655,0.00309370711847492,1
"434","1, 2, 6, 8, 9",19,10,9,0.000677169328945734,0.00190521552750655,0.00309370711847492,1
"435","4, 7, 9, 10",19,10,9,0.000663134812638601,0.00190521552750655,0.00309370711847492,1
"436","4, 5, 6, 9",19,10,9,0.000658356055487839,0.00190521552750655,0.00309370711847492,1
"437","2, 3, 4, 6, 7, 9, 10",19,10,9,0.000652277166711117,0.00190521552750655,0.00309370711847492,1
"438","3, 4, 7, 9, 10",19,10,9,0.000628093099561317,0.00190521552750655,0.00309370711847492,1
"439","2, 4, 6, 7, 9, 10",19,10,9,0.000608336862906386,0.00190521552750655,0.00309370711847492,1
"440","3, 6",19,10,9,0.000590435737202051,0.00190521552750655,0.00309370711847492,1
"441","3, 4, 6, 8",19,10,9,0.000579115175030825,0.00190521552750655,0.00309370711847492,1
"442","1, 2, 3, 4, 8, 10",19,10,9,0.000550345843152156,0.00190521552750655,0.00309370711847492,1
"443","4, 5",19,10,9,0.000510788827253177,0.00190521552750655,0.00309370711847492,1
"444","4, 6, 8",19,10,9,0.000508018235306079,0.00190521552750655,0.00309370711847492,1
"445","1, 3, 6, 7, 8",19,10,9,0.000450349826208552,0.00190521552750655,0.00309370711847492,1
"446","1, 3, 4, 6, 7, 9, 10",19,10,9,0.000412838063802479,0.00190521552750655,0.00309370711847492,1
"447","2, 3, 9, 10",19,10,9,0.00040280774005547,0.00190521552750655,0.00309370711847492,1
"448","1, 2, 3, 4, 6",19,10,9,0.000388983329870519,0.00190521552750655,0.00309370711847492,1
"449","1, 4, 6, 7, 9, 10",19,10,9,0.000368775388530796,0.00190521552750655,0.00309370711847492,1
"450","1, 2, 3, 4, 6, 8, 9",19,10,9,0.000363159616299114,0.00190521552750655,0.00309370711847492,1
"451","3, 4, 7, 8, 10",19,10,9,0.000341036400101344,0.00190521552750655,0.00309370711847492,1
"452","1, 2, 3, 6, 7, 8",19,10,9,0.000330750810553691,0.00190521552750655,0.00309370711847492,1
"453","1, 4, 5",19,10,9,0.000265360253430326,0.00190521552750655,0.00309370711847492,1
"454","1, 2, 6, 7, 8",19,10,9,0.000259916416764532,0.00190521552750655,0.00309370711847492,1
"455","1, 2, 5, 8, 9",19,10,9,0.000250468875915805,0.00190521552750655,0.00309370711847492,1
"456","2, 4, 8, 10",19,10,9,0.000206832579219451,0.00190521552750655,0.00309370711847492,1
"457","1, 3, 4, 6, 8",19,10,9,0.000205869045265917,0.00190521552750655,0.00309370711847492,1
"458","2, 3, 4, 7, 8, 10",19,10,9,0.000190020133360093,0.00190521552750655,0.00309370711847492,1
"459","1, 4, 6, 8, 9, 10",19,10,9,0.000184708866505102,0.00190521552750655,0.00309370711847492,1
"460","2, 3, 4, 5, 8",19,10,9,0.000176528145663195,0.00190521552750655,0.00309370711847492,1
"461","1, 2, 3, 4, 6, 7, 9, 10",19,10,9,0.000158135563657985,0.00190521552750655,0.00309370711847492,1
"462","2, 9, 10",19,10,9,0.000130484002949956,0.00190521552750655,0.00309370711847492,1
"463","1, 4, 6, 8",19,10,9,0.000116673082184736,0.00190521552750655,0.00309370711847492,1
"464","1, 2, 4, 6, 7, 9, 10",19,10,9,0.000114108839523688,0.00190521552750655,0.00309370711847492,1
"465","1, 3, 4, 6, 7, 9",19,10,9,0.000106280701304567,0.00190521552750655,0.00309370711847492,1
"466","2, 4, 5, 6, 7, 10",19,10,9,9.49429539331692e-05,0.00190521552750655,0.00309370711847492,1
"467","2, 5, 6, 10",19,10,9,8.09574163875906e-05,0.00190521552750655,0.00309370711847492,1
"468","3, 4, 6",19,10,9,3.8013014962656e-05,0.00190521552750655,0.00309370711847492,1
"469","2, 4, 5, 6",19,10,9,1.80953442034809e-05,0.00190521552750655,0.00309370711847492,1
"470","1, 4, 6, 7, 9",19,10,9,6.45400557209089e-06,0.00190521552750655,0.00309370711847492,1
"471","1, 3, 8, 10",19,9,10,0.00633049074417488,0.00190521552750655,0.00309370711847492,1
"472","2, 3, 8, 10",19,9,10,0.00613131098840144,0.00190521552750655,0.00309370711847492,1
"473","1, 2, 8, 10",19,9,10,0.00589592574621175,0.00190521552750655,0.00309370711847492,1
"474","1, 2, 3, 8, 10",19,9,10,0.00585464093728837,0.00190521552750655,0.00309370711847492,1
"475","2, 6, 10",19,9,10,0.00570959126178975,0.00190521552750655,0.00309370711847492,1
"476","1, 8, 10",19,9,10,0.0053988125328049,0.00190521552750655,0.00309370711847492,1
"477","3, 5, 8, 10",19,9,10,0.00481070266257714,0.00190521552750655,0.00309370711847492,1
"478","3, 6, 8, 10",19,9,10,0.00473646530689085,0.00190521552750655,0.00309370711847492,1
"479","1, 4, 8, 10",19,9,10,0.00466316573878649,0.00190521552750655,0.00309370711847492,1
"480","1, 2, 4, 8, 10",19,9,10,0.00463859070355817,0.00190521552750655,0.00309370711847492,1
"481","4, 8, 10",19,9,10,0.0045667727502912,0.00190521552750655,0.00309370711847492,1
"482","2, 3, 8, 9, 10",19,9,10,0.00452533669045483,0.00190521552750655,0.00309370711847492,1
"483","1, 2, 3, 8, 9, 10",19,9,10,0.00435115834650333,0.00190521552750655,0.00309370711847492,1
"484","1, 3, 8, 9, 10",19,9,10,0.00416575419732184,0.00190521552750655,0.00309370711847492,1
"485","1, 3, 6, 7, 8, 10",19,9,10,0.00407848952608699,0.00190521552750655,0.00309370711847492,1
"486","1, 2, 8, 9, 10",19,9,10,0.00389753183222885,0.00190521552750655,0.00309370711847492,1
"487","2, 3, 6, 7, 8, 10",19,9,10,0.00385634084728071,0.00190521552750655,0.00309370711847492,1
"488","2, 8, 10",19,9,10,0.00365891044354094,0.00190521552750655,0.00309370711847492,1
"489","1, 2, 3, 6, 7, 8, 10",19,9,10,0.00363868686730061,0.00190521552750655,0.00309370711847492,1
"490","1, 3, 7, 8, 10",19,9,10,0.00363771044218579,0.00190521552750655,0.00309370711847492,1
"491","1, 2, 6, 7, 8, 10",19,9,10,0.00353264568423951,0.00190521552750655,0.00309370711847492,1
"492","3, 5, 6, 8, 10",19,9,10,0.00332925270889993,0.00190521552750655,0.00309370711847492,1
"493","2, 3, 7, 8, 10",19,9,10,0.00329867477615061,0.00190521552750655,0.00309370711847492,1
"494","1, 2, 3, 7, 8, 10",19,9,10,0.00327121506565582,0.00190521552750655,0.00309370711847492,1
"495","1, 2, 5, 6, 7, 8, 10",19,9,10,0.00318240017945996,0.00190521552750655,0.00309370711847492,1
"496","1, 3, 4, 8, 9, 10",19,9,10,0.00307396292055809,0.00190521552750655,0.00309370711847492,1
"497","4, 8, 9, 10",19,9,10,0.0029091365386347,0.00190521552750655,0.00309370711847492,1
"498","1, 4, 8, 9, 10",19,9,10,0.00288089662169809,0.00190521552750655,0.00309370711847492,1
"499","3, 5, 7, 8, 10",19,9,10,0.00271717196461458,0.00190521552750655,0.00309370711847492,1
"500","2, 4, 8, 9, 10",19,9,10,0.00266226959430807,0.00190521552750655,0.00309370711847492,1
"501","1, 2, 4, 8, 9, 10",19,9,10,0.0026407290424208,0.00190521552750655,0.00309370711847492,1
"502","2, 3, 4, 8, 9, 10",19,9,10,0.00251537610012209,0.00190521552750655,0.00309370711847492,1
"503","2, 5, 7, 8, 9, 10",19,9,10,0.00247970986526969,0.00190521552750655,0.00309370711847492,1
"504","4, 7, 8, 10",19,9,10,0.00245059841920402,0.00190521552750655,0.00309370711847492,1
"505","3, 6, 9, 10",19,9,10,0.00240363031420383,0.00190521552750655,0.00309370711847492,1
"506","1, 4, 7, 8, 10",19,9,10,0.0023792936323141,0.00190521552750655,0.00309370711847492,1
"507","1, 2, 3, 4, 8, 9, 10",19,9,10,0.00231593995400983,0.00190521552750655,0.00309370711847492,1
"508","2, 4, 7, 8, 10",19,9,10,0.00224699760208036,0.00190521552750655,0.00309370711847492,1
"509","1, 3, 4, 7, 8, 10",19,9,10,0.00224363014399001,0.00190521552750655,0.00309370711847492,1
"510","1, 2, 4, 7, 8, 10",19,9,10,0.00223600570691047,0.00190521552750655,0.00309370711847492,1
"511","2, 4, 7, 8, 9, 10",19,9,10,0.00220427478170926,0.00190521552750655,0.00309370711847492,1
"512","2, 8, 9, 10",19,9,10,0.00217042575013861,0.00190521552750655,0.00309370711847492,1
"513","1, 6, 10",19,9,10,0.00212608634107649,0.00190521552750655,0.00309370711847492,1
"514","1, 8, 9, 10",19,9,10,0.00212190947059381,0.00190521552750655,0.00309370711847492,1
"515","1, 2, 3, 4, 7, 8, 10",19,9,10,0.00209533423765148,0.00190521552750655,0.00309370711847492,1
"516","1, 2, 6, 9, 10",19,9,10,0.00207808373422915,0.00190521552750655,0.00309370711847492,1
"517","1, 2, 7, 8, 10",19,9,10,0.00200799465890239,0.00190521552750655,0.00309370711847492,1
"518","3, 4, 7, 8, 9, 10",19,9,10,0.00200655246457962,0.00190521552750655,0.00309370711847492,1
"519","2, 3, 7, 8, 9, 10",19,9,10,0.00199646663195554,0.00190521552750655,0.00309370711847492,1
"520","2, 3, 4, 7, 8, 9, 10",19,9,10,0.00199442532394285,0.00190521552750655,0.00309370711847492,1
"521","1, 2, 3, 6, 7, 8, 9, 10",19,9,10,0.00198617090934875,0.00190521552750655,0.00309370711847492,1
"522","1, 4, 7, 8, 9, 10",19,9,10,0.00193186452083485,0.00190521552750655,0.00309370711847492,1
"523","1, 3, 6, 7, 8, 9, 10",19,9,10,0.00192316826230981,0.00190521552750655,0.00309370711847492,1
"524","1, 5, 6, 10",19,9,10,0.00190797798338266,0.00190521552750655,0.00309370711847492,1
"525","4, 5, 6, 7, 8, 10",19,9,10,0.00187056376399294,0.00190521552750655,0.00309370711847492,1
"526","1, 2, 3, 4, 7, 8, 9, 10",19,9,10,0.00182458213395146,0.00190521552750655,0.00309370711847492,1
"527","3, 5, 7, 8, 9, 10",19,9,10,0.00180112365123929,0.00190521552750655,0.00309370711847492,1
"528","1, 3, 4, 7, 8, 9, 10",19,9,10,0.00178750301003612,0.00190521552750655,0.00309370711847492,1
"529","1, 3, 4, 7, 9, 10",19,9,10,0.00176661339696083,0.00190521552750655,0.00309370711847492,1
"530","2, 3, 6, 7, 8, 9, 10",19,9,10,0.00172161438925032,0.00190521552750655,0.00309370711847492,1
"531","1, 2, 4, 7, 8, 9, 10",19,9,10,0.00168175438398611,0.00190521552750655,0.00309370711847492,1
"532","3, 6, 8, 9, 10",19,9,10,0.00152395158059715,0.00190521552750655,0.00309370711847492,1
"533","4, 6, 7, 8, 10",19,9,10,0.00149521495730389,0.00190521552750655,0.00309370711847492,1
"534","1, 2, 6, 10",19,9,10,0.00148939356626348,0.00190521552750655,0.00309370711847492,1
"535","1, 3, 7, 8, 9, 10",19,9,10,0.00147119336318477,0.00190521552750655,0.00309370711847492,1
"536","2, 5, 7, 8, 10",19,9,10,0.00136454330919394,0.00190521552750655,0.00309370711847492,1
"537","1, 5, 7, 10",19,9,10,0.0013508210740617,0.00190521552750655,0.00309370711847492,1
"538","1, 2, 3, 7, 8, 9, 10",19,9,10,0.00126957015772336,0.00190521552750655,0.00309370711847492,1
"539","1, 5, 7, 8, 9, 10",19,9,10,0.00123759749875733,0.00190521552750655,0.00309370711847492,1
"540","3, 5, 8, 9",19,9,10,0.00123705938703772,0.00190521552750655,0.00309370711847492,1
"541","1, 2, 7, 8, 9, 10",19,9,10,0.00121037873016439,0.00190521552750655,0.00309370711847492,1
"542","2, 3, 4, 7, 9, 10",19,9,10,0.00118558577564371,0.00190521552750655,0.00309370711847492,1
"543","2, 10",19,9,10,0.00113293076675245,0.00190521552750655,0.00309370711847492,1
"544","4, 7, 8, 9, 10",19,9,10,0.00110143323725769,0.00190521552750655,0.00309370711847492,1
"545","1, 2, 4, 6, 7, 8, 9, 10",19,9,10,0.00109111100769731,0.00190521552750655,0.00309370711847492,1
"546","1, 2, 5, 6, 7, 10",19,9,10,0.00108240244642923,0.00190521552750655,0.00309370711847492,1
"547","1, 2, 3, 6, 7, 10",19,9,10,0.00106706440077169,0.00190521552750655,0.00309370711847492,1
"548","2, 3, 7, 9, 10",19,9,10,0.00102955719693222,0.00190521552750655,0.00309370711847492,1
"549","1, 2, 3, 4, 7, 9, 10",19,9,10,0.000985686103069174,0.00190521552750655,0.00309370711847492,1
"550","1, 9, 10",19,9,10,0.000915936215718007,0.00190521552750655,0.00309370711847492,1
"551","1, 2, 3, 4, 6, 7, 8, 9, 10",19,9,10,0.000904919732108714,0.00190521552750655,0.00309370711847492,1
"552","1, 5, 8, 9, 10",19,9,10,0.000895849221746695,0.00190521552750655,0.00309370711847492,1
"553","1, 4, 7, 9, 10",19,9,10,0.000883904752282224,0.00190521552750655,0.00309370711847492,1
"554","1, 2, 5, 6, 10",19,9,10,0.000810112733069631,0.00190521552750655,0.00309370711847492,1
"555","1, 2, 5, 7, 10",19,9,10,0.000801203999045347,0.00190521552750655,0.00309370711847492,1
"556","2, 4, 7, 9, 10",19,9,10,0.000721907010256082,0.00190521552750655,0.00309370711847492,1
"557","2, 3, 6",19,9,10,0.000661124977897781,0.00190521552750655,0.00309370711847492,1
"558","3, 5, 7, 10",19,9,10,0.000660685396568772,0.00190521552750655,0.00309370711847492,1
"559","3, 6, 10",19,9,10,0.000643737226498516,0.00190521552750655,0.00309370711847492,1
"560","3, 5, 6, 10",19,9,10,0.000636913070771848,0.00190521552750655,0.00309370711847492,1
"561","1, 2, 3, 7, 10",19,9,10,0.000556157605175571,0.00190521552750655,0.00309370711847492,1
"562","1, 2, 4, 7, 9, 10",19,9,10,0.000555974092759263,0.00190521552750655,0.00309370711847492,1
"563","1, 5, 7, 8, 10",19,9,10,0.00051552759853446,0.00190521552750655,0.00309370711847492,1
"564","2, 7, 9, 10",19,9,10,0.000486438541108095,0.00190521552750655,0.00309370711847492,1
"565","3, 5, 6, 8, 9, 10",19,9,10,0.000468967908137941,0.00190521552750655,0.00309370711847492,1
"566","1, 2, 3, 4, 5, 6, 8",19,9,10,0.000466450907174881,0.00190521552750655,0.00309370711847492,1
"567","1, 3, 7, 10",19,9,10,0.000447000469838189,0.00190521552750655,0.00309370711847492,1
"568","1, 2, 4, 6, 10",19,9,10,0.000438849182042275,0.00190521552750655,0.00309370711847492,1
"569","4, 6, 9, 10",19,9,10,0.000423062462600789,0.00190521552750655,0.00309370711847492,1
"570","3, 6, 7, 8, 10",19,9,10,0.000417971543124535,0.00190521552750655,0.00309370711847492,1
"571","2, 3, 6, 7, 9, 10",19,9,10,0.000402627044306256,0.00190521552750655,0.00309370711847492,1
"572","1, 3, 4, 5, 6, 8",19,9,10,0.000394860980732652,0.00190521552750655,0.00309370711847492,1
"573","1, 3, 6, 8, 9, 10",19,9,10,0.000381978215528146,0.00190521552750655,0.00309370711847492,1
"574","1, 2, 6, 7, 8, 9, 10",19,9,10,0.000310976529245735,0.00190521552750655,0.00309370711847492,1
"575","1, 2, 6, 8, 9, 10",19,9,10,0.000297996271850197,0.00190521552750655,0.00309370711847492,1
"576","1, 2, 3, 6, 8, 9, 10",19,9,10,0.000288127565611435,0.00190521552750655,0.00309370711847492,1
"577","1, 4, 6, 7, 10",19,9,10,0.000269878675651234,0.00190521552750655,0.00309370711847492,1
"578","1, 3, 6, 7, 9, 10",19,9,10,0.000228998805227781,0.00190521552750655,0.00309370711847492,1
"579","1, 2, 6, 7, 9, 10",19,9,10,0.000214910087255143,0.00190521552750655,0.00309370711847492,1
"580","2, 4, 6, 7, 8, 9, 10",19,9,10,0.000183131369673139,0.00190521552750655,0.00309370711847492,1
"581","1, 7, 8, 10",19,9,10,0.00016598465904134,0.00190521552750655,0.00309370711847492,1
"582","1, 2, 3, 6, 7, 9, 10",19,9,10,0.000161857879799308,0.00190521552750655,0.00309370711847492,1
"583","2, 4, 6, 7, 10",19,9,10,0.000136270453164482,0.00190521552750655,0.00309370711847492,1
"584","1, 7, 8, 9, 10",19,9,10,0.000111057265237885,0.00190521552750655,0.00309370711847492,1
"585","1, 6, 8",19,9,10,0.000103994457564285,0.00190521552750655,0.00309370711847492,1
"586","1, 4, 6, 7, 8, 9, 10",19,9,10,7.26286524527532e-05,0.00190521552750655,0.00309370711847492,1
"587","3, 4, 6, 7, 8, 9, 10",19,9,10,6.62525458544443e-05,0.00190521552750655,0.00309370711847492,1
"588","4, 5, 7, 8, 9, 10",19,9,10,1.23954731865092e-05,0.00190521552750655,0.00309370711847492,1
"589","1, 4, 6",19,9,10,8.97501651020254e-06,0.00190521552750655,0.00309370711847492,1
"590","2, 3, 4, 6, 7, 8, 9, 10",19,9,10,5.44902943368925e-06,0.00190521552750655,0.00309370711847492,1
"591","3, 4, 6, 7, 10",19,8,11,0.00609917246743413,0.00103199174406605,0.00309370711847492,1
"592","2, 3, 4, 6, 7, 10",19,8,11,0.00602744645503478,0.00103199174406605,0.00309370711847492,1
"593","4, 6, 7, 10",19,8,11,0.00486053115304632,0.00103199174406605,0.00309370711847492,1
"594","3, 4, 5, 6, 7, 10",19,8,11,0.0048340371268474,0.00103199174406605,0.00309370711847492,1
"595","4, 5, 6, 7, 10",19,8,11,0.00356022650520252,0.00103199174406605,0.00309370711847492,1
"596","4, 5, 7, 9, 10",19,8,11,0.00350076200814218,0.00103199174406605,0.00309370711847492,1
"597","1, 3, 4, 6, 7, 10",19,8,11,0.00301636082058273,0.00103199174406605,0.00309370711847492,1
"598","1, 2, 3, 4, 6, 7, 10",19,8,11,0.00253369931513146,0.00103199174406605,0.00309370711847492,1
"599","2, 3, 6, 7, 10",19,8,11,0.00204857436964673,0.00103199174406605,0.00309370711847492,1
"600","1, 3, 6, 7, 10",19,8,11,0.00170863211345308,0.00103199174406605,0.00309370711847492,1
"601","1, 2, 4, 6, 7, 10",19,8,11,0.00134277915774224,0.00103199174406605,0.00309370711847492,1
"602","2, 5, 6, 7, 8, 10",19,8,11,0.00126853571310728,0.00103199174406605,0.00309370711847492,1
"603","1, 2, 4, 6, 8, 9, 10",19,8,11,0.00117252283333933,0.00103199174406605,0.00309370711847492,1
"604","2, 5, 6, 7, 10",19,8,11,0.00114578192972438,0.00103199174406605,0.00309370711847492,1
"605","4, 6",19,8,11,0.00106821692314988,0.00103199174406605,0.00309370711847492,1
"606","2, 6, 7, 10",19,8,11,0.0010321687942311,0.00103199174406605,0.00309370711847492,1
"607","3, 4, 5, 6",19,8,11,0.000919148561953775,0.00103199174406605,0.00309370711847492,1
"608","2, 4, 7, 10",19,8,11,0.00086801896747199,0.00103199174406605,0.00309370711847492,1
"609","1, 4, 5, 6, 7, 10",19,8,11,0.000833109338299561,0.00103199174406605,0.00309370711847492,1
"610","1, 2, 4, 5, 6, 7, 10",19,8,11,0.000782922865147355,0.00103199174406605,0.00309370711847492,1
"611","4, 7, 10",19,8,11,0.000749414520833184,0.00103199174406605,0.00309370711847492,1
"612","3, 6, 8, 9",19,8,11,0.000633151776520111,0.00103199174406605,0.00309370711847492,1
"613","2, 6, 9, 10",19,8,11,0.000585364730138396,0.00103199174406605,0.00309370711847492,1
"614","2, 4, 6, 8",19,8,11,0.000509715544660774,0.00103199174406605,0.00309370711847492,1
"615","1, 4, 7, 10",19,8,11,0.000478084839776651,0.00103199174406605,0.00309370711847492,1
"616","1, 6, 7, 8, 10",19,8,11,0.00041172945352537,0.00103199174406605,0.00309370711847492,1
"617","4, 5, 6",19,8,11,0.000359409096809439,0.00103199174406605,0.00309370711847492,1
"618","2, 3, 4, 5, 6",19,8,11,0.000348269897179275,0.00103199174406605,0.00309370711847492,1
"619","1, 2, 4, 7, 10",19,8,11,0.000345776142406155,0.00103199174406605,0.00309370711847492,1
"620","1, 5, 7, 9, 10",19,8,11,0.000323632814814491,0.00103199174406605,0.00309370711847492,1
"621","2, 5, 7, 9, 10",19,8,11,0.000270347270360006,0.00103199174406605,0.00309370711847492,1
"622","2, 4, 6",19,8,11,0.000243442899168583,0.00103199174406605,0.00309370711847492,1
"623","2, 6, 7, 8, 10",19,8,11,0.000207021782677366,0.00103199174406605,0.00309370711847492,1
"624","1, 5, 6, 7, 8, 10",19,8,11,0.000191119731156437,0.00103199174406605,0.00309370711847492,1
"625","3, 5, 6, 8, 9",19,8,11,0.000151401413135265,0.00103199174406605,0.00309370711847492,1
"626","1, 2, 6, 7, 10",19,8,11,0.000130728325806129,0.00103199174406605,0.00309370711847492,1
"627","1, 4, 7",19,8,11,0.000124655688263323,0.00103199174406605,0.00309370711847492,1
"628","1, 5, 6, 7, 10",19,8,11,5.17057557901622e-05,0.00103199174406605,0.00309370711847492,1
"629","2, 3, 4, 6",19,8,11,3.99877698071191e-05,0.00103199174406605,0.00309370711847492,1
"630","1, 6, 7, 10",19,8,11,0,0.00103199174406605,0.00309370711847492,1
"631","1, 3, 7, 9, 10",18,11,7,0.00258450037303429,0.00386996904024769,0.00598032980086614,1
"632","1, 2, 3, 7, 9, 10",18,11,7,0.00240870574161272,0.00386996904024769,0.00598032980086614,1
"633","1, 3, 9",18,11,7,0.0023712099385659,0.00386996904024769,0.00598032980086614,1
"634","1, 2, 3, 9",18,11,7,0.00225669236604436,0.00386996904024769,0.00598032980086614,1
"635","1, 2, 9",18,11,7,0.00211855001800287,0.00386996904024769,0.00598032980086614,1
"636","1, 2, 5, 6, 7, 9, 10",18,11,7,0.00199389249320547,0.00386996904024769,0.00598032980086614,1
"637","1, 2, 3, 4, 5, 6, 7",18,11,7,0.00176374089053406,0.00386996904024769,0.00598032980086614,1
"638","1, 3, 4, 5, 6, 7",18,11,7,0.00156273323748808,0.00386996904024769,0.00598032980086614,1
"639","1, 2, 3, 5, 6, 7",18,11,7,0.00147006860828872,0.00386996904024769,0.00598032980086614,1
"640","1, 3, 5, 6, 7",18,11,7,0.00126754766722679,0.00386996904024769,0.00598032980086614,1
"641","2, 3, 4, 5, 6, 7",18,11,7,0.00120194889887041,0.00386996904024769,0.00598032980086614,1
"642","1, 3, 4, 7, 9",18,11,7,0.00112259598867306,0.00386996904024769,0.00598032980086614,1
"643","2, 3, 5, 6, 7",18,11,7,0.000904857544568323,0.00386996904024769,0.00598032980086614,1
"644","2, 3, 4, 7, 9",18,11,7,0.000600297335490052,0.00386996904024769,0.00598032980086614,1
"645","1",18,11,7,0.000561525798919459,0.00386996904024769,0.00598032980086614,1
"646","1, 2, 3, 4, 7, 9",18,11,7,0.000482318138466803,0.00386996904024769,0.00598032980086614,1
"647","1, 5, 6, 9, 10",18,11,7,0.00032083761321558,0.00386996904024769,0.00598032980086614,1
"648","1, 2, 5, 6, 7, 8, 9, 10",18,10,8,0.023571023789674,0.0075187969924812,0.00913507045523548,1
"649","2, 5, 7, 9",18,10,8,0.0179075172175632,0.0075187969924812,0.00913507045523548,1
"650","1, 5, 7, 9",18,10,8,0.0178347142462164,0.0075187969924812,0.00913507045523548,1
"651","1, 2, 5, 6, 8, 9, 10",18,10,8,0.0171921489161919,0.0075187969924812,0.00913507045523548,1
"652","2, 3, 4, 7, 8, 9",18,10,8,0.0170246926673717,0.0075187969924812,0.00913507045523548,1
"653","1, 3, 4, 7, 8, 9",18,10,8,0.0161480866090375,0.0075187969924812,0.00913507045523548,1
"654","2, 3, 4, 6, 7, 9",18,10,8,0.0158948729735078,0.0075187969924812,0.00913507045523548,1
"655","1, 2, 3, 4, 6, 7, 9",18,10,8,0.015576531252017,0.0075187969924812,0.00913507045523548,1
"656","1, 2, 3, 4, 7, 8, 9",18,10,8,0.0153102064353073,0.0075187969924812,0.00913507045523548,1
"657","2, 3, 7, 8, 9",18,10,8,0.014471147937652,0.0075187969924812,0.00913507045523548,1
"658","2, 5, 6, 9, 10",18,10,8,0.0141444506593291,0.0075187969924812,0.00913507045523548,1
"659","1, 3, 7, 8, 9",18,10,8,0.0140509563206695,0.0075187969924812,0.00913507045523548,1
"660","1, 2, 4, 6, 7, 9",18,10,8,0.0139953817007847,0.0075187969924812,0.00913507045523548,1
"661","2, 5, 6, 7, 9, 10",18,10,8,0.0137769724950868,0.0075187969924812,0.00913507045523548,1
"662","1, 2, 3, 7, 8, 9",18,10,8,0.0136772532467414,0.0075187969924812,0.00913507045523548,1
"663","1, 2, 4, 7, 8, 9",18,10,8,0.0136190334834535,0.0075187969924812,0.00913507045523548,1
"664","1, 5, 6, 7, 9",18,10,8,0.0133507091091056,0.0075187969924812,0.00913507045523548,1
"665","2, 5, 6, 7, 9",18,10,8,0.0132993163030632,0.0075187969924812,0.00913507045523548,1
"666","2, 3, 4, 6, 7, 8, 9",18,10,8,0.0132856465821955,0.0075187969924812,0.00913507045523548,1
"667","1, 3, 4, 6, 7, 8, 9",18,10,8,0.0131016610631629,0.0075187969924812,0.00913507045523548,1
"668","1, 2, 5, 6, 7, 9",18,10,8,0.0127190827160589,0.0075187969924812,0.00913507045523548,1
"669","1, 2, 5, 7, 9, 10",18,10,8,0.0123760816490551,0.0075187969924812,0.00913507045523548,1
"670","1, 2, 3, 4, 6, 7, 8, 9",18,10,8,0.0123267167768527,0.0075187969924812,0.00913507045523548,1
"671","2, 5, 7, 8, 9",18,10,8,0.0120316551387273,0.0075187969924812,0.00913507045523548,1
"672","1, 3, 6, 7, 9",18,10,8,0.0117793081173136,0.0075187969924812,0.00913507045523548,1
"673","1, 5, 6, 7, 9, 10",18,10,8,0.0117268301634422,0.0075187969924812,0.00913507045523548,1
"674","2, 5, 6, 7, 8, 9, 10",18,10,8,0.0117184167412303,0.0075187969924812,0.00913507045523548,1
"675","2, 3, 6, 7, 9",18,10,8,0.0113880315762779,0.0075187969924812,0.00913507045523548,1
"676","1, 2, 3, 6, 7, 9",18,10,8,0.0111396107242223,0.0075187969924812,0.00913507045523548,1
"677","1, 4, 7, 8",18,10,8,0.011138690697356,0.0075187969924812,0.00913507045523548,1
"678","1, 3, 4, 7, 8",18,10,8,0.0110105646990732,0.0075187969924812,0.00913507045523548,1
"679","1, 5, 7, 8, 9",18,10,8,0.0109280505999576,0.0075187969924812,0.00913507045523548,1
"680","1, 4, 7, 8, 9",18,10,8,0.0109218047091366,0.0075187969924812,0.00913507045523548,1
"681","3, 4, 7, 8",18,10,8,0.0107416442809259,0.0075187969924812,0.00913507045523548,1
"682","1, 5, 6, 7, 8, 9",18,10,8,0.0107207779151703,0.0075187969924812,0.00913507045523548,1
"683","1, 4, 7, 9",18,10,8,0.0107099766357367,0.0075187969924812,0.00913507045523548,1
"684","1, 2, 5, 7, 8, 9",18,10,8,0.0105704433456281,0.0075187969924812,0.00913507045523548,1
"685","1, 2, 4, 6, 7, 8, 9",18,10,8,0.0105016282925282,0.0075187969924812,0.00913507045523548,1
"686","1, 2, 4, 7, 8",18,10,8,0.0103783199617392,0.0075187969924812,0.00913507045523548,1
"687","1, 2, 3, 4, 7, 8",18,10,8,0.0102546199931365,0.0075187969924812,0.00913507045523548,1
"688","2, 5, 6, 7, 8, 9",18,10,8,0.0102349389864406,0.0075187969924812,0.00913507045523548,1
"689","2, 3, 4, 7, 8",18,10,8,0.0101311538959945,0.0075187969924812,0.00913507045523548,1
"690","2, 4, 7, 8",18,10,8,0.0101292769431443,0.0075187969924812,0.00913507045523548,1
"691","1, 2, 4, 7, 9",18,10,8,0.0101177587048833,0.0075187969924812,0.00913507045523548,1
"692","3, 4, 7, 8, 9",18,10,8,0.00989734566705635,0.0075187969924812,0.00913507045523548,1
"693","1, 3, 6, 7, 8, 9",18,10,8,0.00970306218386545,0.0075187969924812,0.00913507045523548,1
"694","2, 3, 6, 7, 8, 9",18,10,8,0.00961582501570594,0.0075187969924812,0.00913507045523548,1
"695","1, 2, 5, 6, 7, 8, 9",18,10,8,0.00950531603507711,0.0075187969924812,0.00913507045523548,1
"696","3, 4, 6, 7, 9",18,10,8,0.00945254292491722,0.0075187969924812,0.00913507045523548,1
"697","2, 5, 6, 8, 9, 10",18,10,8,0.00941664834997419,0.0075187969924812,0.00913507045523548,1
"698","1, 5, 6, 8, 9, 10",18,10,8,0.00938217245890643,0.0075187969924812,0.00913507045523548,1
"699","2, 4, 6, 7, 9",18,10,8,0.00934419057587613,0.0075187969924812,0.00913507045523548,1
"700","1, 5, 6, 7, 8, 9, 10",18,10,8,0.00909321222098535,0.0075187969924812,0.00913507045523548,1
"701","2, 4, 7, 8, 9",18,10,8,0.00890838479088179,0.0075187969924812,0.00913507045523548,1
"702","1, 2, 3, 6, 7, 8, 9",18,10,8,0.00885871239600882,0.0075187969924812,0.00913507045523548,1
"703","3, 4, 8, 9",18,10,8,0.00869469954292077,0.0075187969924812,0.00913507045523548,1
"704","1, 4, 6, 7, 8, 9",18,10,8,0.00858465225713242,0.0075187969924812,0.00913507045523548,1
"705","2, 9",18,10,8,0.00848782852063321,0.0075187969924812,0.00913507045523548,1
"706","2, 3, 5, 7",18,10,8,0.00833617021517867,0.0075187969924812,0.00913507045523548,1
"707","1, 2, 5, 7",18,10,8,0.00818143139509045,0.0075187969924812,0.00913507045523548,1
"708","1, 3, 7, 9",18,10,8,0.00803925041454292,0.0075187969924812,0.00913507045523548,1
"709","3, 4, 7, 9",18,10,8,0.00780362595763382,0.0075187969924812,0.00913507045523548,1
"710","2, 3, 7, 8",18,10,8,0.00779866817363291,0.0075187969924812,0.00913507045523548,1
"711","1, 3, 7, 8",18,10,8,0.00773745418585723,0.0075187969924812,0.00913507045523548,1
"712","2, 3, 4, 8, 9",18,10,8,0.00757944172807756,0.0075187969924812,0.00913507045523548,1
"713","2, 4, 8, 9",18,10,8,0.00757157868859097,0.0075187969924812,0.00913507045523548,1
"714","2, 3, 9",18,10,8,0.00749392818720187,0.0075187969924812,0.00913507045523548,1
"715","1, 2, 3, 7, 9",18,10,8,0.00746354240855451,0.0075187969924812,0.00913507045523548,1
"716","1, 5, 7, 8",18,10,8,0.00730040880144536,0.0075187969924812,0.00913507045523548,1
"717","1, 2, 3, 7, 8",18,10,8,0.00714009460398838,0.0075187969924812,0.00913507045523548,1
"718","2, 4, 7, 9",18,10,8,0.00704750088660622,0.0075187969924812,0.00913507045523548,1
"719","2, 4, 6, 7, 8, 9",18,10,8,0.00666691260470457,0.0075187969924812,0.00913507045523548,1
"720","1, 3, 4, 8, 9",18,10,8,0.00657894308347732,0.0075187969924812,0.00913507045523548,1
"721","1, 4, 8, 9",18,10,8,0.00656875131498338,0.0075187969924812,0.00913507045523548,1
"722","3, 4, 6, 7, 8, 9",18,10,8,0.00643937382075018,0.0075187969924812,0.00913507045523548,1
"723","2, 5, 7, 8",18,10,8,0.0064360863802672,0.0075187969924812,0.00913507045523548,1
"724","1, 2, 3, 4, 8, 9",18,10,8,0.00627427163341372,0.0075187969924812,0.00913507045523548,1
"725","1, 2, 4, 8, 9",18,10,8,0.00624262638257836,0.0075187969924812,0.00913507045523548,1
"726","1, 2, 7, 8",18,10,8,0.00571843273285951,0.0075187969924812,0.00913507045523548,1
"727","4, 7, 9",18,10,8,0.00534732933918247,0.0075187969924812,0.00913507045523548,1
"728","2, 3, 7, 9",18,10,8,0.0053070351895629,0.0075187969924812,0.00913507045523548,1
"729","2, 3, 8, 9",18,10,8,0.00502295431561344,0.0075187969924812,0.00913507045523548,1
"730","2, 4, 5, 6, 7",18,10,8,0.00491349580974102,0.0075187969924812,0.00913507045523548,1
"731","3, 9",18,10,8,0.00479623742060927,0.0075187969924812,0.00913507045523548,1
"732","1, 2, 7, 9",18,10,8,0.00477168468105228,0.0075187969924812,0.00913507045523548,1
"733","3, 4, 5, 6, 7",18,10,8,0.00469149633245949,0.0075187969924812,0.00913507045523548,1
"734","1, 4, 5, 6, 7",18,10,8,0.00453984386632289,0.0075187969924812,0.00913507045523548,1
"735","2, 5, 6, 7, 8",18,10,8,0.00428425675083433,0.0075187969924812,0.00913507045523548,1
"736","1, 2, 4, 6, 8, 9",18,10,8,0.00425592472365357,0.0075187969924812,0.00913507045523548,1
"737","1, 2, 4, 5, 6, 7",18,10,8,0.00424435398000533,0.0075187969924812,0.00913507045523548,1
"738","1, 5, 6, 7, 8",18,10,8,0.00374653701630906,0.0075187969924812,0.00913507045523548,1
"739","1, 3, 8, 9",18,10,8,0.00344715326550076,0.0075187969924812,0.00913507045523548,1
"740","4, 8, 9",18,10,8,0.00333054651352597,0.0075187969924812,0.00913507045523548,1
"741","1, 2, 3, 8, 9",18,10,8,0.0032638685606483,0.0075187969924812,0.00913507045523548,1
"742","4, 5, 6, 8, 9",18,10,8,0.00269198703117024,0.0075187969924812,0.00913507045523548,1
"743","1, 2, 8, 9",18,10,8,0.00248059567536035,0.0075187969924812,0.00913507045523548,1
"744","2, 5, 7",18,10,8,0.00244254280434132,0.0075187969924812,0.00913507045523548,1
"745","1, 2, 5, 6, 7",18,10,8,0.00237004707376784,0.0075187969924812,0.00913507045523548,1
"746","2, 5, 8, 9",18,10,8,0.00232732011830636,0.0075187969924812,0.00913507045523548,1
"747","1, 5, 7",18,10,8,0.0022943006236048,0.0075187969924812,0.00913507045523548,1
"748","3, 6, 9",18,10,8,0.00223410896029814,0.0075187969924812,0.00913507045523548,1
"749","3, 5, 7, 9",18,10,8,0.00203262736125503,0.0075187969924812,0.00913507045523548,1
"750","2, 5, 6, 8, 9",18,10,8,0.00197135724253074,0.0075187969924812,0.00913507045523548,1
"751","3, 5, 6, 9",18,10,8,0.00193339001869769,0.0075187969924812,0.00913507045523548,1
"752","4, 5, 6, 9, 10",18,10,8,0.00190044205654114,0.0075187969924812,0.00913507045523548,1
"753","4, 5, 6, 7, 8",18,10,8,0.00187286135098024,0.0075187969924812,0.00913507045523548,1
"754","1, 5, 6, 9",18,10,8,0.00186837424735634,0.0075187969924812,0.00913507045523548,1
"755","1, 2, 7, 8, 9",18,10,8,0.00182898204418152,0.0075187969924812,0.00913507045523548,1
"756","4, 7, 8",18,10,8,0.00182029181323851,0.0075187969924812,0.00913507045523548,1
"757","2, 6, 8, 9",18,10,8,0.00172528540586538,0.0075187969924812,0.00913507045523548,1
"758","1, 2, 3",18,10,8,0.00168974186293144,0.0075187969924812,0.00913507045523548,1
"759","4, 5, 7, 8, 9",18,10,8,0.001631030160479,0.0075187969924812,0.00913507045523548,1
"760","1, 2, 3, 6, 9",18,10,8,0.00152494883327079,0.0075187969924812,0.00913507045523548,1
"761","2, 6, 7, 8",18,10,8,0.00139721781065763,0.0075187969924812,0.00913507045523548,1
"762","4, 6, 8, 9",18,10,8,0.00136383504302896,0.0075187969924812,0.00913507045523548,1
"763","4, 6, 7, 8",18,10,8,0.00130375603995502,0.0075187969924812,0.00913507045523548,1
"764","1, 4, 6, 7",18,10,8,0.00129360178889905,0.0075187969924812,0.00913507045523548,1
"765","1, 6, 9, 10",18,10,8,0.00118054969268866,0.0075187969924812,0.00913507045523548,1
"766","3, 5, 7",18,10,8,0.00117781970580133,0.0075187969924812,0.00913507045523548,1
"767","1, 2, 6, 9",18,10,8,0.00100973718230887,0.0075187969924812,0.00913507045523548,1
"768","1, 4, 5, 8",18,10,8,0.000963607200976446,0.0075187969924812,0.00913507045523548,1
"769","1, 3, 4, 6, 7",18,10,8,0.000862584303844414,0.0075187969924812,0.00913507045523548,1
"770","2, 5, 6, 9",18,10,8,0.000812791100935607,0.0075187969924812,0.00913507045523548,1
"771","1, 6, 9",18,10,8,0.000785124942795271,0.0075187969924812,0.00913507045523548,1
"772","1, 5, 6, 8, 9",18,10,8,0.000781506381681833,0.0075187969924812,0.00913507045523548,1
"773","2, 4, 5, 8",18,10,8,0.000726488266080169,0.0075187969924812,0.00913507045523548,1
"774","1, 9",18,10,8,0.000702787014062239,0.0075187969924812,0.00913507045523548,1
"775","1, 6, 8, 9",18,10,8,0.000685027823494905,0.0075187969924812,0.00913507045523548,1
"776","1, 2, 4, 6, 7",18,10,8,0.000640887537715431,0.0075187969924812,0.00913507045523548,1
"777","1, 5, 8, 9",18,10,8,0.00060140488226134,0.0075187969924812,0.00913507045523548,1
"778","3, 4, 6, 7",18,10,8,0.000598549449301239,0.0075187969924812,0.00913507045523548,1
"779","2, 4, 6, 7",18,10,8,0.000557116145397971,0.0075187969924812,0.00913507045523548,1
"780","2, 3, 5",18,10,8,0.000478084022717715,0.0075187969924812,0.00913507045523548,1
"781","2, 3, 4, 6, 7",18,10,8,0.000475328933732418,0.0075187969924812,0.00913507045523548,1
"782","1, 6, 7, 8",18,10,8,0.000379104892780834,0.0075187969924812,0.00913507045523548,1
"783","3, 5",18,10,8,0.00036888080509651,0.0075187969924812,0.00913507045523548,1
"784","1, 2, 7, 9, 10",18,10,8,0.000360068091864719,0.0075187969924812,0.00913507045523548,1
"785","1, 2, 3, 4, 6, 7",18,10,8,0.000343908264829502,0.0075187969924812,0.00913507045523548,1
"786","1, 2, 3, 4, 5, 8",18,10,8,0.000335124154314116,0.0075187969924812,0.00913507045523548,1
"787","1, 3, 6",18,10,8,0.000279519159166497,0.0075187969924812,0.00913507045523548,1
"788","2, 6",18,10,8,0.000275528617431268,0.0075187969924812,0.00913507045523548,1
"789","1, 2, 4, 6",18,10,8,0.000243851769955481,0.0075187969924812,0.00913507045523548,1
"790","1, 2, 3, 5, 6",18,10,8,0.000219767839382521,0.0075187969924812,0.00913507045523548,1
"791","3, 8, 10",18,9,9,0.00687164080852105,0.00892219235872488,0.0104912675666386,1
"792","3, 8, 9, 10",18,9,9,0.00399898306135824,0.00892219235872488,0.0104912675666386,1
"793","3, 7, 8, 10",18,9,9,0.00309000203602859,0.00892219235872488,0.0104912675666386,1
"794","2, 6, 8, 9, 10",18,9,9,0.00218148335022639,0.00892219235872488,0.0104912675666386,1
"795","2, 7, 8, 10",18,9,9,0.00188618175623611,0.00892219235872488,0.0104912675666386,1
"796","2, 7, 8, 9, 10",18,9,9,0.00182578045356264,0.00892219235872488,0.0104912675666386,1
"797","3, 7, 9, 10",18,9,9,0.00136428378101958,0.00892219235872488,0.0104912675666386,1
"798","2, 6, 7, 8, 9, 10",18,9,9,0.00124456998439841,0.00892219235872488,0.0104912675666386,1
"799","2, 3, 4, 6, 8",18,9,9,0.00122623902871063,0.00892219235872488,0.0104912675666386,1
"800","1, 6, 7, 8, 9, 10",18,9,9,0.00113583561464585,0.00892219235872488,0.0104912675666386,1
"801","1, 3, 4, 7, 10",18,9,9,0.00108895570547432,0.00892219235872488,0.0104912675666386,1
"802","3, 4, 5, 6, 8",18,9,9,0.00105480276234016,0.00892219235872488,0.0104912675666386,1
"803","1, 2, 3, 4, 6, 8",18,9,9,0.00099707091166519,0.00892219235872488,0.0104912675666386,1
"804","1, 6, 7, 9, 10",18,9,9,0.000882036318040003,0.00892219235872488,0.0104912675666386,1
"805","2, 3, 4, 5, 6, 8",18,9,9,0.000687614773486125,0.00892219235872488,0.0104912675666386,1
"806","3, 7, 8, 9, 10",18,9,9,0.000633845419533687,0.00892219235872488,0.0104912675666386,1
"807","1, 7, 10",18,9,9,0.000564343322271406,0.00892219235872488,0.0104912675666386,1
"808","2, 6, 7, 9, 10",18,9,9,0.000561564184238438,0.00892219235872488,0.0104912675666386,1
"809","1, 2, 3, 4, 7, 10",18,9,9,0.000546497521793313,0.00892219235872488,0.0104912675666386,1
"810","1, 4, 5, 6",18,9,9,0.000462830466746555,0.00892219235872488,0.0104912675666386,1
"811","1, 2, 7, 10",18,9,9,0.000459183300983743,0.00892219235872488,0.0104912675666386,1
"812","1, 3, 4, 5, 6",18,9,9,0.000449277178840499,0.00892219235872488,0.0104912675666386,1
"813","1, 6, 8, 9, 10",18,9,9,0.000391929545941101,0.00892219235872488,0.0104912675666386,1
"814","1, 2, 4, 5, 8",18,9,9,0.000312133801347203,0.00892219235872488,0.0104912675666386,1
"815","4, 5, 6, 8",18,9,9,0.000267581589929591,0.00892219235872488,0.0104912675666386,1
"816","1, 2, 4, 6, 8",18,9,9,0.000205163747431923,0.00892219235872488,0.0104912675666386,1
"817","2, 3, 7, 10",18,9,9,4.77465853892835e-05,0.00892219235872488,0.0104912675666386,1
"818","1, 7, 9, 10",18,9,9,0,0.00892219235872488,0.0104912675666386,1
"819","3, 5, 6, 7, 8, 10",18,8,10,0.00279791491605769,0.00751879699248121,0.00913507045523548,1
"820","3, 5, 7, 9, 10",18,8,10,0.00262530429542315,0.00751879699248121,0.00913507045523548,1
"821","1, 3, 4, 8",18,8,10,0.00228321650904619,0.00751879699248121,0.00913507045523548,1
"822","4, 5, 6, 7",18,8,10,0.00192529819072292,0.00751879699248121,0.00913507045523548,1
"823","4, 6, 8, 9, 10",18,8,10,0.00191821247398498,0.00751879699248121,0.00913507045523548,1
"824","3, 6, 7, 10",18,8,10,0.00177875421238953,0.00751879699248121,0.00913507045523548,1
"825","2, 3, 4, 8",18,8,10,0.00175235675110298,0.00751879699248121,0.00913507045523548,1
"826","3, 5, 7, 8",18,8,10,0.0017082155718358,0.00751879699248121,0.00913507045523548,1
"827","2, 4, 8",18,8,10,0.00144798634391025,0.00751879699248121,0.00913507045523548,1
"828","1, 2, 3, 4, 8",18,8,10,0.0014247785900372,0.00751879699248121,0.00913507045523548,1
"829","3, 5, 6, 7, 10",18,8,10,0.00127162498278815,0.00751879699248121,0.00913507045523548,1
"830","3, 4, 8",18,8,10,0.00104160042431069,0.00751879699248121,0.00913507045523548,1
"831","1, 2, 4, 7",18,8,10,0.00102530008828836,0.00751879699248121,0.00913507045523548,1
"832","4, 8",18,8,10,0.000961792566382902,0.00751879699248121,0.00913507045523548,1
"833","1, 2, 3, 6, 8",18,8,10,0.000947943915185691,0.00751879699248121,0.00913507045523548,1
"834","1, 4, 8",18,8,10,0.00086075619982366,0.00751879699248121,0.00913507045523548,1
"835","2, 3, 4, 7, 10",18,8,10,0.000783284549082965,0.00751879699248121,0.00913507045523548,1
"836","1, 2, 6, 8",18,8,10,0.000709300770501556,0.00751879699248121,0.00913507045523548,1
"837","4, 6, 7",18,8,10,0.000692220651693647,0.00751879699248121,0.00913507045523548,1
"838","4, 7",18,8,10,0.000690621460669623,0.00751879699248121,0.00913507045523548,1
"839","4, 5, 6, 7, 8, 9, 10",18,8,10,0.000640257547164978,0.00751879699248121,0.00913507045523548,1
"840","2, 3, 6, 8",18,8,10,0.000633670140700425,0.00751879699248121,0.00913507045523548,1
"841","2, 6, 8",18,8,10,0.000609147993718672,0.00751879699248121,0.00913507045523548,1
"842","4, 5, 6, 8, 9, 10",18,8,10,0.000474037784876206,0.00751879699248121,0.00913507045523548,1
"843","2, 4, 7",18,8,10,0.000432847563102596,0.00751879699248121,0.00913507045523548,1
"844","2, 6, 7",18,8,10,0.000401821011968683,0.00751879699248121,0.00913507045523548,1
"845","3, 4, 7, 10",18,8,10,0.000391146859421508,0.00751879699248121,0.00913507045523548,1
"846","1, 2, 4, 8",18,8,10,0.000326891440327097,0.00751879699248121,0.00913507045523548,1
"847","1, 8, 9",18,8,10,0.000256131539977821,0.00751879699248121,0.00913507045523548,1
"848","4, 6, 7, 8, 9, 10",18,8,10,0.000233604920802891,0.00751879699248121,0.00913507045523548,1
"849","2, 7, 10",18,8,10,0.000226694425403599,0.00751879699248121,0.00913507045523548,1
"850","2, 8",18,8,10,0.000223620810368459,0.00751879699248121,0.00913507045523548,1
"851","2, 8, 9",18,8,10,0.000215558396068358,0.00751879699248121,0.00913507045523548,1
"852","1, 3, 6, 8",18,8,10,0.000130404759751287,0.00751879699248121,0.00913507045523548,1
"853","1, 2, 3, 4",18,8,10,7.84314385248591e-06,0.00751879699248121,0.00913507045523548,1
"854","1, 3, 8",18,8,10,0,0.00751879699248121,0.00913507045523548,1
"855","1, 4",18,8,10,-0.00246436651344037,0.00751879699248121,0.00913507045523548,1
"856","3, 5, 6, 7, 8, 9, 10",18,7,11,0.00298864595814495,0.00386996904024769,0.00598032980086614,1
"857","3, 5, 6, 7, 8",18,7,11,0.00204757312835577,0.00386996904024769,0.00598032980086614,1
"858","3, 5, 6, 7, 8, 9",18,7,11,0.00196951168715365,0.00386996904024769,0.00598032980086614,1
"859","3, 6, 7, 8, 9, 10",18,7,11,0.00190172993978731,0.00386996904024769,0.00598032980086614,1
"860","4, 7, 8, 9",18,7,11,0.00174773445317478,0.00386996904024769,0.00598032980086614,1
"861","3, 6, 7, 8",18,7,11,0.00171411670910854,0.00386996904024769,0.00598032980086614,1
"862","3, 5, 6, 7, 9, 10",18,7,11,0.00165002572995866,0.00386996904024769,0.00598032980086614,1
"863","3, 6, 7, 8, 9",18,7,11,0.00148383902027073,0.00386996904024769,0.00598032980086614,1
"864","3, 6, 7, 9, 10",18,7,11,0.00137870166845024,0.00386996904024769,0.00598032980086614,1
"865","3, 5, 7, 8, 9",18,7,11,0.000716317656750029,0.00386996904024769,0.00598032980086614,1
"866","1, 3, 4, 7",18,7,11,0.00061907848097712,0.00386996904024769,0.00598032980086614,1
"867","1, 2, 3, 4, 7",18,7,11,0.000577671452666821,0.00386996904024769,0.00598032980086614,1
"868","2, 5, 6, 8",18,7,11,0.000478295154968915,0.00386996904024769,0.00598032980086614,1
"869","4, 6, 7, 9, 10",18,7,11,0.000377097646911826,0.00386996904024769,0.00598032980086614,1
"870","3, 5, 6, 8",18,7,11,5.83012311880637e-05,0.00386996904024769,0.00598032980086614,1
"871","1, 2, 3, 4, 5, 6",17,11,6,0.0273516905350139,0.0123839009287926,0.0142505406638412,1
"872","2, 3, 5, 6",17,11,6,0.0205997294061021,0.0123839009287926,0.0142505406638412,1
"873","1, 3, 5, 6",17,11,6,0.0162198728435836,0.0123839009287926,0.0142505406638412,1
"874","1, 3, 5",17,11,6,0.0123584942611274,0.0123839009287926,0.0142505406638412,1
"875","1, 2, 3, 5",17,11,6,0.0120421371858717,0.0123839009287926,0.0142505406638412,1
"876","1, 2, 5",17,11,6,0.0105164860268716,0.0123839009287926,0.0142505406638412,1
"877","1, 2, 3, 5, 6, 8",17,11,6,0.0069722198693614,0.0123839009287926,0.0142505406638412,1
"878","1, 2, 4, 5, 6",17,11,6,0.0067650123155829,0.0123839009287926,0.0142505406638412,1
"879","2, 5",17,11,6,0.00481771272685272,0.0123839009287926,0.0142505406638412,1
"880","1, 5",17,11,6,0.00425221531162621,0.0123839009287926,0.0142505406638412,1
"881","3",17,11,6,0.00247776490063908,0.0123839009287926,0.0142505406638412,1
"882","2, 3",17,11,6,0.00160422038827361,0.0123839009287926,0.0142505406638412,1
"883","1, 2, 3, 6, 7",17,11,6,0.00142473328072668,0.0123839009287926,0.0142505406638412,1
"884","5, 10",17,11,6,0.0012417479394324,0.0123839009287926,0.0142505406638412,1
"885","1, 3, 6, 7",17,11,6,0.00122138524487635,0.0123839009287926,0.0142505406638412,1
"886","1, 3, 5, 8",17,11,6,0.00120611875947747,0.0123839009287926,0.0142505406638412,1
"887","1, 3",17,11,6,0.00115094573402895,0.0123839009287926,0.0142505406638412,1
"888","1, 2, 3, 5, 8",17,11,6,0.00112237567399549,0.0123839009287926,0.0142505406638412,1
"889","2, 3, 6, 7",17,11,6,0.000857318301749628,0.0123839009287926,0.0142505406638412,1
"890","2, 3, 5, 8",17,10,7,0.0213210774245052,0.0237358101135191,0.0256406903338226,1
"891","1, 3, 5, 6, 8",17,10,7,0.0210677023959416,0.0237358101135191,0.0256406903338226,1
"892","2, 3, 5, 6, 8",17,10,7,0.0199301102620232,0.0237358101135191,0.0256406903338226,1
"893","1, 2, 4, 5, 6, 8",17,10,7,0.0198158270398681,0.0237358101135191,0.0256406903338226,1
"894","1, 4, 5, 6, 8",17,10,7,0.01769608021542,0.0237358101135191,0.0256406903338226,1
"895","2, 7, 8, 9",17,10,7,0.0144153603562065,0.0237358101135191,0.0256406903338226,1
"896","1, 7, 8, 9",17,10,7,0.0139946516205106,0.0237358101135191,0.0256406903338226,1
"897","2, 4, 5, 6, 8",17,10,7,0.0130344821615828,0.0237358101135191,0.0256406903338226,1
"898","3, 5, 6, 7, 9",17,10,7,0.012011639781781,0.0237358101135191,0.0256406903338226,1
"899","1, 6, 7, 9",17,10,7,0.0118869211457992,0.0237358101135191,0.0256406903338226,1
"900","2, 6, 7, 9",17,10,7,0.011383525982468,0.0237358101135191,0.0256406903338226,1
"901","1, 2, 6, 7, 9",17,10,7,0.0112445472211984,0.0237358101135191,0.0256406903338226,1
"902","1, 6, 7, 8, 9",17,10,7,0.00969857730248157,0.0237358101135191,0.0256406903338226,1
"903","2, 6, 7, 8, 9",17,10,7,0.00969056251665761,0.0237358101135191,0.0256406903338226,1
"904","1, 2, 6, 7, 8, 9",17,10,7,0.00893051855157153,0.0237358101135191,0.0256406903338226,1
"905","1, 2, 5, 6, 8",17,10,7,0.00829558399485127,0.0237358101135191,0.0256406903338226,1
"906","1, 2, 5, 8",17,10,7,0.0081687229316584,0.0237358101135191,0.0256406903338226,1
"907","4, 5, 6, 7, 9",17,10,7,0.00793902528371516,0.0237358101135191,0.0256406903338226,1
"908","1, 7, 8",17,10,7,0.00775812227300974,0.0237358101135191,0.0256406903338226,1
"909","2, 7, 8",17,10,7,0.00769693197305122,0.0237358101135191,0.0256406903338226,1
"910","1, 7, 9",17,10,7,0.00734141810079936,0.0237358101135191,0.0256406903338226,1
"911","4, 5, 6, 7, 8, 9",17,10,7,0.00727512558669452,0.0237358101135191,0.0256406903338226,1
"912","4, 5, 6, 7, 9, 10",17,10,7,0.006140648121464,0.0237358101135191,0.0256406903338226,1
"913","2, 5, 6, 7",17,10,7,0.00540351752205995,0.0237358101135191,0.0256406903338226,1
"914","1, 5, 6, 7",17,10,7,0.00477436343743115,0.0237358101135191,0.0256406903338226,1
"915","2, 7, 9",17,10,7,0.00459577263703105,0.0237358101135191,0.0256406903338226,1
"916","1, 5, 8",17,10,7,0.00373603117693088,0.0237358101135191,0.0256406903338226,1
"917","1, 5, 6, 8",17,10,7,0.00261304875488626,0.0237358101135191,0.0256406903338226,1
"918","2, 5, 8",17,10,7,0.00200422240658068,0.0237358101135191,0.0256406903338226,1
"919","3, 8",17,10,7,0.00167612825041211,0.0237358101135191,0.0256406903338226,1
"920","3, 5, 8",17,10,7,0.00154946287857825,0.0237358101135191,0.0256406903338226,1
"921","2, 3, 8",17,10,7,0.00134226418885207,0.0237358101135191,0.0256406903338226,1
"922","3, 7, 8",17,10,7,0.00090884036480814,0.0237358101135191,0.0256406903338226,1
"923","1, 2, 5, 6",17,10,7,0.000897470870799107,0.0237358101135191,0.0256406903338226,1
"924","3, 7, 9",17,10,7,0.000887471140626903,0.0237358101135191,0.0256406903338226,1
"925","3, 8, 9",17,10,7,0.000809192688522017,0.0237358101135191,0.0256406903338226,1
"926","4, 6, 7, 9",17,10,7,0.000751200693538054,0.0237358101135191,0.0256406903338226,1
"927","1, 2",17,10,7,0.000713071793425305,0.0237358101135191,0.0256406903338226,1
"928","1, 2, 6",17,10,7,0.000709158448601777,0.0237358101135191,0.0256406903338226,1
"929","1, 2, 3, 6",17,10,7,0.000613577890055573,0.0237358101135191,0.0256406903338226,1
"930","1, 5, 6",17,10,7,0.000349375388482386,0.0237358101135191,0.0256406903338226,1
"931","1, 3, 7",17,10,7,0.000324167877639767,0.0237358101135191,0.0256406903338226,1
"932","1, 2, 6, 7",17,10,7,0.000299520001351312,0.0237358101135191,0.0256406903338226,1
"933","3, 4, 7",17,10,7,0.000189822077865599,0.0237358101135191,0.0256406903338226,1
"934","2, 5, 6",17,10,7,0.000162947406261407,0.0237358101135191,0.0256406903338226,1
"935","1, 8",17,9,8,0.00258582879723699,0.0299731228523798,0.0320067898517584,1
"936","1, 2, 8",17,9,8,0.00110425767967561,0.0299731228523798,0.0320067898517584,1
"937","3, 6, 8",17,9,8,0.000531609243001349,0.0299731228523798,0.0320067898517584,1
"938","1, 2, 7",17,9,8,0.000243038672727292,0.0299731228523798,0.0320067898517584,1
"939","1, 2, 3, 7",17,9,8,8.05416506934886e-05,0.0299731228523798,0.0320067898517584,1
"940","1, 2, 3, 8",17,9,8,3.91664806287471e-05,0.0299731228523798,0.0320067898517584,1
"941","3, 5, 6, 7",17,8,9,0.0012877302634847,0.0299731228523798,0.0320067898517584,1
"942","2, 7",17,8,9,0.000970563332553324,0.0299731228523798,0.0320067898517584,1
"943","3, 7, 10",17,8,9,0.000597446056395799,0.0299731228523798,0.0320067898517584,1
"944","4, 6, 7, 8, 9",17,8,9,0.000532922492291827,0.0299731228523798,0.0320067898517584,1
"945","1, 7",17,8,9,0.000100100625307352,0.0299731228523798,0.0320067898517584,1
"946","3, 4",17,7,10,0.00294138460581973,0.0237358101135191,0.0256406903338226,1
"947","3, 7",17,7,10,0.00264756965132905,0.0237358101135191,0.0256406903338226,1
"948","3, 7, 8, 9",17,7,10,0.00194737380067161,0.0237358101135191,0.0256406903338226,1
"949","3, 6, 7",17,7,10,0.00188436170954913,0.0237358101135191,0.0256406903338226,1
"950","2, 3, 7",17,7,10,0.00118737130060129,0.0237358101135191,0.0256406903338226,1
"951","1, 3, 4",17,7,10,0.00117570524673864,0.0237358101135191,0.0256406903338226,1
"952","3, 6, 7, 9",17,7,10,0.00115853214136867,0.0237358101135191,0.0256406903338226,1
"953","1, 6, 7",17,7,10,0.000562801274909253,0.0237358101135191,0.0256406903338226,1
"954","2, 3, 4",17,7,10,0.000170206782684919,0.0237358101135191,0.0256406903338226,1
"955","2, 3, 4, 7",17,7,10,0.000137377233879564,0.0237358101135191,0.0256406903338226,1
"956","1, 2, 4",17,7,10,-0.00137496097234905,0.0237358101135191,0.0256406903338226,1
"957","4",17,7,10,-0.00160990058716706,0.0237358101135191,0.0256406903338226,1
"958","2, 4",17,7,10,-0.00343621807128588,0.0237358101135191,0.0256406903338226,1
"959","5, 9, 10",16,11,5,0.0123104435696771,0.0350877192982456,0.037390350877193,1
"960","2",16,11,5,0.000167647583740795,0.0350877192982456,0.037390350877193,1
"961","3, 5, 6",16,10,6,0.00231296491181914,0.063467492260062,0.0672821187378688,1
"962","1, 6",16,10,6,0.00203390731899541,0.063467492260062,0.0672821187378688,1
"963","5, 6",16,10,6,0.000827710863116643,0.063467492260062,0.0672821187378688,1
"964","9, 10",16,10,6,0.000299123792355511,0.063467492260062,0.0672821187378688,1
"965","5, 8, 10",16,9,7,0.00821949174452342,0.0804953560371518,0.0841991300879409,1
"966","6, 8, 10",16,9,7,0.00539897794815548,0.0804953560371518,0.0841991300879409,1
"967","5, 8, 9, 10",16,9,7,0.00472621407689516,0.0804953560371518,0.0841991300879409,1
"968","5, 6, 8, 10",16,9,7,0.0034054491791169,0.0804953560371518,0.0841991300879409,1
"969","6, 8, 9, 10",16,9,7,0.00220551446252743,0.0804953560371518,0.0841991300879409,1
"970","5, 7, 9, 10",16,9,7,0.0021389369913471,0.0804953560371518,0.0841991300879409,1
"971","5, 7, 8, 10",16,9,7,0.00204760888035862,0.0804953560371518,0.0841991300879409,1
"972","5, 7, 8, 9, 10",16,9,7,0.0020338010618532,0.0804953560371518,0.0841991300879409,1
"973","6, 7, 8, 10",16,9,7,0.00175450375536511,0.0804953560371518,0.0841991300879409,1
"974","5, 6, 10",16,9,7,0.00148679920501512,0.0804953560371518,0.0841991300879409,1
"975","6, 9, 10",16,9,7,0.0013782539324192,0.0804953560371518,0.0841991300879409,1
"976","5, 6, 9, 10",16,9,7,0.00129074744612297,0.0804953560371518,0.0841991300879409,1
"977","6, 10",16,9,7,0.000432501460759913,0.0804953560371518,0.0841991300879409,1
"978","5, 6, 7, 8, 10",16,8,8,0.00305452470920034,0.0861089375021264,0.0895217917323936,1
"979","5, 7, 8",16,8,8,0.00214063147586054,0.0861089375021264,0.0895217917323936,1
"980","5, 6, 7, 10",16,8,8,0.00197642364846116,0.0861089375021264,0.0895217917323936,1
"981","6, 7, 10",16,8,8,0.0019283257662467,0.0861089375021264,0.0895217917323936,1
"982","5, 7, 10",16,8,8,0.000474286670642149,0.0861089375021264,0.0895217917323936,1
"983","5, 7",16,8,8,0.000265712260240102,0.0861089375021264,0.0895217917323936,1
"984","8",16,6,10,-0.000964789594097537,0.063467492260062,0.0672821187378688,1
"985","5, 6, 7, 9, 10",15,11,4,0.00664643634620226,0.0902255639097744,0.0936113102228187,1
"986","5, 9",15,11,4,0.000565383481663021,0.0902255639097744,0.0936113102228187,1
"987","5, 6, 7, 8, 9, 10",15,10,5,0.0291835435659821,0.148606811145511,0.152329426655168,1
"988","5, 7, 9",15,10,5,0.0179586848626281,0.148606811145511,0.152329426655168,1
"989","5, 6, 7, 9",15,10,5,0.0154415363756491,0.148606811145511,0.152329426655168,1
"990","5, 6, 8, 9, 10",15,10,5,0.0142226380424725,0.148606811145511,0.152329426655168,1
"991","5, 7, 8, 9",15,10,5,0.0128589769104618,0.148606811145511,0.152329426655168,1
"992","5, 6, 7, 8, 9",15,10,5,0.0122216860625484,0.148606811145511,0.152329426655168,1
"993","5, 6, 7, 8",15,10,5,0.00593032327112511,0.148606811145511,0.152329426655168,1
"994","5, 6, 8, 9",15,10,5,0.00479902166350555,0.148606811145511,0.152329426655168,1
"995","5, 8, 9",15,10,5,0.00451373781756849,0.148606811145511,0.152329426655168,1
"996","5, 6, 9",15,10,5,0.00338092334586237,0.148606811145511,0.152329426655168,1
"997","6, 9",15,10,5,0.00214054242509353,0.148606811145511,0.152329426655168,1
"998","6, 7, 8",15,10,5,0.00121546824042915,0.148606811145511,0.152329426655168,1
"999","8, 10",15,9,6,0.00861049885922961,0.18266253869969,0.185934106556998,1
"1000","8, 9, 10",15,9,6,0.00575761294774178,0.18266253869969,0.185934106556998,1
"1001","7, 8, 10",15,9,6,0.00379653287137589,0.18266253869969,0.185934106556998,1
"1002","6, 7, 9, 10",15,9,6,0.00271779892718256,0.18266253869969,0.185934106556998,1
"1003","7, 8, 9, 10",15,9,6,0.00139654636457435,0.18266253869969,0.185934106556998,1
"1004","7, 9, 10",15,9,6,0.00134526189767505,0.18266253869969,0.185934106556998,1
"1005","6, 7, 8, 9, 10",15,9,6,0.00101296684747268,0.18266253869969,0.185934106556998,1
"1006","5, 6, 7",15,8,7,0.000998385240798665,0.19838056680162,0.200735232282945,1
"1007","7, 10",15,8,7,0.000638717445747658,0.19838056680162,0.200735232282945,1
"1008","5, 6, 8",15,8,7,0.000453826333983994,0.19838056680162,0.200735232282945,1
"1009","5, 8",15,8,7,0.000369555012515399,0.19838056680162,0.200735232282945,1
"1010","6, 7",15,8,7,0.000281997015707322,0.19838056680162,0.200735232282945,1
"1011","6, 7, 8, 9",15,7,8,0.00256572876434837,0.19838056680162,0.200735232282945,1
"1012","10",14,11,3,0.00386642825424726,0.214285714285714,0.216401071781131,1
"1013","7, 9",14,11,3,0.000347200114823812,0.214285714285714,0.216401071781131,1
"1014","6, 7, 9",14,10,4,0.014435928982475,0.31077694235589,0.311996871472105,1
"1015","7, 8, 9",14,10,4,0.0109917051761646,0.31077694235589,0.311996871472105,1
"1016","9",14,10,4,0.00898965248649218,0.31077694235589,0.311996871472105,1
"1017","7, 8",14,10,4,0.00834910430429415,0.31077694235589,0.311996871472105,1
"1018","8, 9",14,10,4,0.00498771317244934,0.31077694235589,0.311996871472105,1
"1019","6, 8, 9",14,10,4,0.00420177572247591,0.31077694235589,0.311996871472105,1
"1020","7",14,8,6,0.000990217673410038,0.386996904024768,0.387754978273592,1
"1021","6",14,8,6,0.000401603011451788,0.386996904024768,0.387754978273592,1
"1022","6, 8",14,7,7,0.00111486349858957,0.394855918075732,0.395242274159955,1
"1023","5",13,11,2,0.0152526621105347,0.476190476190476,0.476190476190476,1
